food_en,food_vi,food_group,gCO2e_100g_farm,gCO2e_100g_land_use_change,gCO2e_100g_processing,gCO2e_100g_packaging,gCO2e_100g_transport,gCO2e_100g_retail,gCO2e_100g_cradle_to_retail,gCO2e_100g_home_cooking,gCO2e_100g_cradle_to_plate,land_use_Pt_(soil_quality_index)_per100g,water_use_m3_world-eq_deprived_per100g,eutroph_freshwater_kg_P-eq_per100g,eutroph_marine_kg_N-eq_per100g,acidification_mol_H+-eq_per100g,vietnam_specific_farm_data,proxy_shared_with
Rice (all kind),Gạo,Cereals,214.16,1.72,0.02,0.75,14.7,2.62,233.97,21.82,255.79,6.1407,1.4267,0,0.002,0.0022,TRUE,
Pork,Thịt lợn,Meat,549.1,59.99,0.01,3.14,1.29,5.38,618.91,26.5,645.41,34.7016,0.2062,0.0001,0.0028,0.0098,TRUE,
Fresh milk,Sữa tươi các loại,Dairy,130.69,11.58,1.24,9.59,22,2.76,177.87,0,177.87,6.3768,0.0171,0,0.0004,0.0016,TRUE,
Chickend,Thịt gà,Meat,214.7,92.21,83,0.6,1.89,4.31,396.7,38.73,435.43,26.4706,0.1859,0.0001,0.0026,0.0116,TRUE,
Watermelon,Dưa hấu,Fruits,23.85,0.03,0,0,26.69,1.72,52.28,0,52.28,3.1943,0.1061,0,0.0003,0.0003,FALSE,
Water spinach,Rau muống,Vegetables,10.8,1.23,0,0,1.54,4.88,18.45,16.78,35.23,-1.8767,0.0233,0,0.0002,0.0001,FALSE,
Regular or dwarf banana,Chuối,Fruits,28.56,0.96,0.01,0,2,3.06,34.59,0,34.59,2.4041,0.0542,0,0.0004,0.0009,FALSE,
Sponge gourd,Mướp (hương),Vegetables,18.05,0.02,0.01,0,1.54,2.42,22.04,16.78,38.83,1.354,0.0534,0,0.0001,0.0002,FALSE,"Sponge gourd, Japanese origin"
Chicken egg,Trứng gà,Eggs,115.97,32.7,0.01,1.33,1.4,0.98,152.38,11.44,163.82,15.465,0.0734,0,0.0012,0.0028,FALSE,
Jackfruit,Mít,Fruits,14.93,0.1,0.01,0,36.69,2.32,54.05,0,54.05,3.208,0.0958,0,0,0.0004,FALSE,
White flesh sweet potatoes,Khoai lang,Tubers & roots,9.14,2.13,0,0,1.45,1.95,14.67,19.75,34.41,1.8378,0.0125,0,0.0001,0.0001,FALSE,
Orange,Cam,Fruits,20.41,-0.61,0.01,0,15.55,2.27,37.62,0,37.62,2.4605,1.0477,0,0.0001,0.0005,FALSE,
Carp,Cá trắm,Fish & seafood,619.05,71.31,0.01,5.79,2.24,4.29,702.68,30.52,733.2,10.2238,3.6369,0.0021,0.0099,0.0031,TRUE,"Common carp, Mrigal carp"
Malabar spinach,Rau mùng tơi,Vegetables,10.8,1.23,0,0,1.45,4.88,18.36,15.8,34.15,-1.8773,0.0233,0,0.0002,0.0001,FALSE,
Duck,Thịt vịt,Meat,492.45,112.77,104,0.75,2.05,5.38,717.4,41.96,759.36,42.6537,0.3183,0.0001,0.0037,0.0144,FALSE,
Yogurt,Sữa chua,Dairy,120.67,10.61,15.2,42.2,24.7,6.3,219.67,0,219.67,6.5605,0.0334,0,0.0005,0.0017,TRUE,
Katuk,Rau ngót,Vegetables,10.8,1.23,0,0,1.89,4.88,18.8,20.66,39.46,-1.8746,0.0233,0,0.0002,0.0001,FALSE,
Guava,Ổi,Fruits,53.58,0.1,0.01,0,10.33,2.68,66.69,0,66.69,2.3013,0.2962,0,0.0003,0.0004,FALSE,
Sweet potato leaves,Rau khoai lang,Vegetables,10.8,1.23,0,0,1.76,4.88,18.67,19.18,37.85,-1.8754,0.0233,0,0.0002,0.0001,FALSE,"Pumpkin leaves,"
Longan,Nhãn,Fruits,14.93,0.1,0.01,0,2.24,2.68,19.95,0,19.95,2.9066,0.0935,0,0,0.0003,FALSE,
Ripe mango,Xoài chín,Fruits,14.94,0.1,0.01,0,35.6,2.68,53.33,0,53.33,3.0937,0.0953,0,0.0001,0.0006,FALSE,
Common carp,Cá chép,Fish & seafood,619.05,71.31,0.01,5.79,2.24,4.29,702.68,30.52,733.2,10.2238,3.6369,0.0021,0.0099,0.0031,TRUE,"Carp, Mrigal carp"
Cantaloupe,Dưa vàng,Fruits,31.79,0.04,0.01,0,15.71,3.15,50.71,0,50.71,4.1354,0.1407,0,0.0004,0.0003,FALSE,
Sugar apple,Na,Fruits,16.13,1.4,0.01,0,7.45,2.36,27.35,0,27.35,1.0994,0.1835,0,0.0002,0.0002,FALSE,
Cabbage,Cải bắp,Vegetables,33.64,1.94,0,0,1.45,2.89,39.92,15.8,55.72,0.7481,0.0476,0,0.0002,0.0002,FALSE,
Cucumber,Dưa chuột,Vegetables,19.56,0.02,0.01,0,1.37,2.3,23.25,14.92,38.17,0.2964,0.0315,0,0.0001,0.0002,FALSE,
Young mustard greens,Cải canh/ cải ngồng,Vegetables,30.72,0.01,0.01,0,1.45,2.88,35.07,15.8,50.87,3.1076,0.0049,0,0.0005,0.0004,FALSE,"Mustard greens, Bok choy"
Potatoes,Khoai tây,Tubers & roots,9.14,2.13,0.01,5.18,10.94,1.94,29.33,19.75,49.08,1.9741,0.0154,0,0.0001,0.0002,FALSE,
Beef,Thịt bò,Meat,4394.9,-5.41,11.6,2.5,3.34,4.31,4411.23,25.18,4436.41,188.7802,0.2275,0.0001,0.0085,0.0402,TRUE,
Pomelo,Bưởi,Fruits,27.19,-1.48,0.01,0,26.69,2.75,55.16,0,55.16,3.203,2.1287,0,0.0002,0.0006,FALSE,
Wax gourd,Bí đao (bí xanh),Vegetables,20.51,0.03,0,0,1.54,2.89,24.97,16.78,41.75,1.5377,0.0605,0,0.0002,0.0002,FALSE,Calabash
Amaranth,Rau dền,Vegetables,10.8,1.23,0,0,1.64,4.88,18.55,17.9,36.45,-1.8761,0.0233,0,0.0002,0.0001,FALSE,
Tilapia,Có rô (phi),Fish & seafood,917.3,83.45,0.01,5.79,2.46,4.29,1013.29,33.57,1046.86,17.7319,0.2449,0.0001,0.0547,0.0058,TRUE,
Dragon fruit,Thanh long,Fruits,53.61,0.1,0.01,0,43.27,2.36,99.35,0,99.35,2.5067,0.2981,0,0.0003,0.0005,FALSE,
Pumpkin,Bí ngô/ bí đỏ,Vegetables,20.51,0.03,0.01,0,1.54,2.88,24.97,16.78,41.76,1.5377,0.0607,0,0.0002,0.0002,FALSE,
Plant-based oils,"Dầu thực vật (từ hạt:lạc, vừng, quả: oliu, dừa…)",Oils & fats,69.92,85.29,15,143,58.4,2.47,374.08,0,374.08,32.0546,0.0711,0.0001,0.0017,0.0016,FALSE,
Taro,Khoai sọ,Tubers & roots,13.8,2.01,0,0,1.45,2.21,19.47,19.75,39.22,2.0294,0.2261,0,0.0002,0.0005,FALSE,
Ripe papaya,Đu đủ chín,Fruits,16.13,1.4,0.01,0,1.76,2.36,21.66,0,21.66,1.0659,0.1832,0,0.0002,0.0002,FALSE,
Tofu,Đậu phụ,"Legumes, nuts & seeds",13.51,16.48,14.6,5.47,1.23,4.28,55.57,8.39,63.96,6.2295,0.0119,0,0.0004,0.0002,FALSE,
"Fish sauce, soy sauce","Nước mắm, tương, xì dầu, mắm tôm, mắm nêm",Condiments,13.61,0.03,16.1,41.4,22.8,6.39,100.33,0,100.33,3.0022,0.049,0,0.0003,0.0006,FALSE,
Apple,Táo (táo đỏ),Fruits,9.18,0.01,0.01,0,6.83,2.36,18.4,0,18.4,1.5172,0.0529,0,0,0.0001,FALSE,
Maize,Ngô,Cereals,37.47,7.27,12.1,2.35,2.73,8.6,70.52,37.3,107.81,6.288,0.0722,0,0.0005,0.0011,FALSE,
Plum,Mận,Fruits,63.92,0.05,0,0,3.55,1.72,69.24,0,69.24,101.1553,0.6489,0,0.0001,0.0004,FALSE,
Tomatoes,Cà chua,Vegetables,32.42,0.04,0,0,1.29,2.62,36.38,14.13,50.51,0.4579,0.1244,0,0.0001,0.0003,FALSE,
"Instant / Ready Meals ( Instant noodles, porridge,vermicelli)",Mì / cháo / bún / miến / phở ăn liền,"Snacks, fast & processed",57.65,13.94,24.9,51.3,18.1,2.97,168.85,13.43,182.28,10.4657,0.0614,0,0.0009,0.0016,FALSE,
Shrimp and prawns of all kinds,"Tôm, tép các loại",Fish & seafood,1072.47,102.75,0.01,8.45,26.69,9.51,1219.89,30.52,1250.41,23.9877,17.7462,0.0008,0.0119,0.0116,TRUE,
Animal fat,Mỡ động vật,Oils & fats,109.95,12.01,0.01,20.2,35.8,5.52,183.48,0,183.48,7.3059,0.0482,0,0.0006,0.0022,TRUE,
Mustard greens,Cải bẹ/Cải xanh,Vegetables,30.72,0.01,0.01,0,1.45,2.88,35.07,15.8,50.87,3.1076,0.0049,0,0.0005,0.0004,FALSE,"Young mustard greens, Bok choy"
Duck egg,Trứng vịt,Eggs,115.97,32.7,0.01,1.33,1.4,0.98,152.38,11.44,163.82,15.465,0.0734,0,0.0012,0.0028,FALSE,
Avocado,Quả bơ vỏ xanh/ vỏ đỏ,Fruits,66.56,21.28,0.01,0,40.32,3.06,131.24,0,131.24,8.3894,2.3656,0,0.0009,0.0009,FALSE,
Litchi,Vải,Fruits,14.93,0.1,0.01,0,2.05,2.68,19.77,0,19.77,2.9055,0.0934,0,0,0.0003,FALSE,
Pineapple,Dứa,Fruits,35.26,1.56,0,0,28.48,2.74,68.04,0,68.04,3.0913,0.0576,0,0.0009,0.0007,FALSE,
Sweetened cakes,Bánh ngọt,Sweets & sweet drinks,107.85,25.79,19.7,56.6,17.8,3.58,231.32,0,231.32,17.1627,0.1212,0.0001,0.0014,0.0028,FALSE,
Rambutan,Chôm chôm,Fruits,14.93,0.1,0.01,0,56.25,2.68,73.97,0,73.97,3.2335,0.0963,0,0.0001,0.0005,FALSE,
Peanut,Lạc,"Legumes, nuts & seeds",169.44,190.14,19.6,2.14,18,2.48,401.8,0,401.8,53.4607,1.4467,0.0001,0.004,0.0064,FALSE,
Peach,Đào,Fruits,19.14,-1.11,0,0,6.22,1.72,25.97,0,25.97,15.557,0.7695,0,0.0009,0.0001,FALSE,
Pear,Lê,Fruits,8.67,-1.76,0,0,3.89,1.51,12.3,0,12.3,1.5487,0.1408,0,0.0001,0.0002,FALSE,
Grapes,Nho,Fruits,16.85,0.19,0.01,0,29.46,2.36,48.87,0,48.87,2.2762,0.4921,0,0.0001,0.0002,FALSE,
Goose,Thịt ngan/ ngỗng,Meat,260.19,115.26,104,0.75,2.05,5.38,487.63,41.96,529.59,33.0863,0.2324,0.0001,0.0032,0.0145,FALSE,
Ice cream,Kem,Sweets & sweet drinks,118.81,11.21,19.4,39.2,22.6,8.85,220.08,0,220.08,6.6385,0.0616,0,0.0006,0.0019,TRUE,
Seasoning,"Bột canh, bột nêm",Condiments,30.12,0.05,0.02,16.7,13.6,3.59,64.09,0,64.09,1.4198,0.0074,0,0.0001,0.0003,FALSE,
Bitter melon,Mướp đắng,Vegetables,18.05,0.02,0.01,0,1.45,2.42,21.95,15.8,37.75,1.3535,0.0534,0,0.0001,0.0002,FALSE,
Poweder milk,Sữa bột,Dairy,1320,116.99,71.3,16.2,35,2.73,1562.22,0,1562.22,60.5109,0.131,0.0001,0.0041,0.0154,TRUE,
"Sweet soup, Tofu pudding","Chè, tào phớ",Sweets & sweet drinks,10.3,4.88,23.5,10.76,25.4,5.57,80.41,0,80.41,2.5815,0.0314,0,0.0003,0.0004,FALSE,
Carrot,Cà rốt,Vegetables,8.27,0.01,0.01,0,1.37,1.98,11.63,14.92,26.55,0.798,0.0346,0,0.0001,0.0001,FALSE,
Yardlong bean,Đậu đũa,Vegetables,11.72,0,0.02,0,1.37,2.96,16.06,14.92,30.98,8.456,0.1055,0,0.0002,0.0005,FALSE,French beans
Black bean,Đỗ đen,"Legumes, nuts & seeds",50.38,0.4,0.06,1.47,15.4,6.85,74.56,50.35,124.92,-17.1456,0.0088,0,0.001,0.0003,FALSE,
Wheat/ bread,"Sản phẩm từ lúa mì (bánh mì, Spaghetti, …)",Cereals,32.07,6.64,18.1,0.95,14.8,1.56,74.12,0,74.12,6.1737,0.0173,0,0.0005,0.0008,FALSE,
"Pumpkin leaves,",Rau bí (ngọn bí),Vegetables,10.8,1.23,0,0,1.76,4.88,18.67,19.18,37.85,-1.8754,0.0233,0,0.0002,0.0001,FALSE,Sweet potato leaves
Soybean milk,Sữa đậu nành,"Legumes, nuts & seeds",3.94,4.8,9.34,1.09,13.5,1.54,34.21,0,34.21,1.8783,0.0039,0,0.0001,0.0001,FALSE,
"Soft drinks such as Coke, Pepsi, 7-Up, Fanta or Twister, or energy drinks such as Bò húc, Hổ vằn","Nước ngọt như Coke, Pepsi, 7-Up, Fanta hay Twister, hoặc nước tăng lực như Bò húc, Hổ?",Sweets & sweet drinks,9.01,0.01,1.3,13.8,20.9,4.83,49.86,0,49.86,1.3061,0.0298,0,0.0001,0.0003,FALSE,
Bok choy,Cải thìa,Vegetables,30.72,0.01,0.01,0,1.45,2.88,35.07,15.8,50.87,3.1076,0.0049,0,0.0005,0.0004,FALSE,"Young mustard greens, Mustard greens"
Durian,Sầu riêng,Fruits,16.13,1.4,0.01,0,93.75,2.36,113.66,0,113.66,1.6062,0.1884,0,0.0004,0.0009,FALSE,
Bubble tea,Trà sữa trân châu,Sweets & sweet drinks,84.07,9.78,1.24,21.7,29.9,4.83,151.53,0,151.53,5.6019,0.0224,0,0.0004,0.0014,FALSE,
"Mung bean sprouts,",Giá đỗ xanh,Vegetables,54.86,0.44,0.01,0,1.29,2.69,59.3,14.13,73.44,-18.8788,0.0063,0,0.0011,0.0002,FALSE,
Pomegranate,Quả lựu,Fruits,10.43,0.01,0,0,8.34,1.72,20.5,0,20.5,1.7263,0.0599,0,0.0001,0.0001,FALSE,
"Vietnamese sausage, pork sausage, canned meat, pate, or bologna","Lạp xưởng, xúc xích heo, thịt hộp, pa-tê, hoặc chả lụa/thịt nguội đóng hộp","Snacks, fast & processed",583.52,63.11,16,70.1,29.1,5.77,767.6,0,767.6,37.3699,0.246,0.0001,0.0031,0.0107,TRUE,
Mandarin,Quýt,Fruits,17.97,-17.02,0.01,0,4.57,2.41,7.93,0,7.93,2.4658,1.0906,0,0.0001,0.0004,FALSE,
White radish,Củ cải trắng,Vegetables,11.08,0.01,0.01,0,1.83,1.85,14.78,15.8,30.58,0.239,0.0099,0,0.0001,0.0001,FALSE,
Calabash,Bầu,Vegetables,20.51,0.03,0,0,1.54,2.89,24.97,16.78,41.75,1.5377,0.0605,0,0.0002,0.0002,FALSE,Wax gourd
Soybean,Đỗ tương,"Legumes, nuts & seeds",33.76,41.19,0.76,2.14,27.8,2.51,108.16,50.35,158.52,14.9616,0.0172,0,0.0008,0.0005,FALSE,
"Sponge gourd, Japanese origin",Lặc lè,Vegetables,18.05,0.02,0.01,0,1.54,2.42,22.04,16.78,38.83,1.354,0.0534,0,0.0001,0.0002,FALSE,Sponge gourd
Okra,Đậu bắp,Vegetables,49.31,8.89,0.04,7.28,1.37,3.93,70.82,14.92,85.73,1.4371,0.173,0,0.0006,0.0004,FALSE,
Mussels,"Nghêu, ngao",Fish & seafood,45.81,0.32,0.02,15.18,10.66,17.11,89.1,55.95,145.05,23.6881,0.0443,0,0.0008,0.0019,TRUE,
Broccoli,Súp lơ xanh,Vegetables,45.81,7.93,0.02,0,19.57,3.66,76.99,17.9,94.89,0.978,0.0995,0,0.0006,0.0004,FALSE,
Mrigal carp,Cá trôi,Fish & seafood,619.05,71.31,0.01,5.79,2.24,4.29,702.68,30.52,733.2,10.2238,3.6369,0.0021,0.0099,0.0031,TRUE,"Carp, Common carp"
French beans,Đậu cô ve,Vegetables,11.72,0,0.02,0,1.37,2.96,16.06,14.92,30.98,8.456,0.1055,0,0.0002,0.0005,FALSE,Yardlong bean
MSG,Mì chính,Condiments,59.25,0.07,0,1.58,11.6,2.82,75.32,0,75.32,3.1881,0.1794,0,0.0005,0.0017,FALSE,