item,name_vi,food_group,NRF9.3 ( Nutritional Quality Score) ,NR9,LIM3,gCO2e_100g_cradle_to_retail,gCO2e_per_NRF_point,gCO2e_per_NR9_point,rank_nutrient_density,NRF_flag
Soybean,?? t??ng,"Legumes, nuts & seeds",359.14,381.77,22.63,108.16,0.301,0.283,1,
Amaranth,Rau d?n,Vegetables,329.61,333.74,4.14,18.55,0.056,0.056,2,
Katuk,Rau ngót,Vegetables,323.16,327.29,4.14,18.8,0.058,0.057,3,
Black bean,?? ?en,"Legumes, nuts & seeds",267.11,270.7,3.58,74.56,0.279,0.275,4,
Malabar spinach,Rau mùng t?i,Vegetables,239.65,243.79,4.14,18.36,0.077,0.075,5,
Water spinach,Rau mu?ng,Vegetables,229.79,233.93,4.14,18.45,0.080,0.079,6,
Young mustard greens,C?i canh/ c?i ng?ng,Vegetables,209.64,211.13,1.5,35.07,0.167,0.166,7,
Mustard greens,C?i b?/C?i xanh,Vegetables,209.64,211.13,1.5,35.07,0.167,0.166,7,
Peanut,L?c,"Legumes, nuts & seeds",172.08,220.99,48.91,401.8,2.335,1.818,9,
Poweder milk,S?a b?t,Dairy,161.37,302.87,141.5,1562.22,9.681,5.158,10,
"Pumpkin leaves,",Rau bí (ng?n bí),Vegetables,159.29,163.43,4.14,18.67,0.117,0.114,11,
Broccoli,Súp l? xanh,Vegetables,157,160.37,3.37,76.99,0.490,0.480,12,
Sweet potato leaves,Rau khoai lang,Vegetables,154.58,158.72,4.14,18.67,0.121,0.118,13,
Carrot,Cà r?t,Vegetables,146.96,154.77,7.81,11.63,0.079,0.075,14,
Chicken egg,Tr?ng gà,Eggs,143.41,161.84,18.43,152.38,1.063,0.942,15,
Guava,?i,Fruits,137.24,148.59,11.34,66.69,0.486,0.449,16,
Pumpkin,Bí ngô/ bí ??,Vegetables,134.96,137.4,2.44,24.97,0.185,0.182,17,
Mussels,"Nghêu, ngao",Fish & seafood,111.84,128.17,16.32,89.1,0.797,0.695,18,
Ripe papaya,?u ?? chín,Fruits,111.46,120.59,9.13,21.66,0.194,0.180,19,
Durian,S?u riêng,Fruits,103.88,113.01,9.13,113.66,1.094,1.006,20,
Taro,Khoai s?,Tubers & roots,99.36,100.46,1.11,19.47,0.196,0.194,21,
Mandarin,Quýt,Fruits,92.65,102.33,9.68,7.93,0.086,0.077,22,
Shrimp and prawns of all kinds,"Tôm, tép các lo?i",Fish & seafood,91.77,100.45,8.68,1219.89,13.293,12.144,23,
Dragon fruit,Thanh long,Fruits,89.85,102.1,12.25,99.35,1.106,0.973,24,
Yardlong bean,??u ??a,Vegetables,89.33,93.46,4.12,16.06,0.180,0.172,25,
Duck egg,Tr?ng v?t,Eggs,88.62,114.13,25.52,152.38,1.719,1.335,26,
Tomatoes,Cà chua,Vegetables,86.46,90.17,3.71,36.38,0.421,0.403,27,
Jackfruit,Mít,Fruits,83.43,95.97,12.55,54.05,0.648,0.563,28,
Chickend,Th?t gà,Meat,81.36,96.16,14.8,396.7,4.876,4.125,29,
French beans,??u cô ve,Vegetables,80.57,84.69,4.12,16.06,0.199,0.190,30,
Cabbage,C?i b?p,Vegetables,79.02,85.58,6.56,39.92,0.505,0.466,31,
Orange,Cam,Fruits,78.53,87.11,8.57,37.62,0.479,0.432,32,
White flesh sweet potatoes,Khoai lang,Tubers & roots,75.53,82.56,7.03,14.67,0.194,0.178,33,
Duck,Th?t v?t,Meat,74.19,113.92,39.72,717.4,9.670,6.297,34,
Mrigal carp,Cá trôi,Fish & seafood,73.96,81.64,7.68,702.68,9.501,8.607,35,
Tofu,??u ph?,"Legumes, nuts & seeds",73.42,81.22,7.8,55.57,0.757,0.684,36,
Ripe mango,Xoài chín,Fruits,71.84,86.31,14.46,53.33,0.742,0.618,37,
Sugar apple,Na,Fruits,70.06,79.19,9.13,27.35,0.390,0.345,38,
Pomelo,B??i,Fruits,66.77,73.71,6.94,55.16,0.826,0.748,39,
Pineapple,D?a,Fruits,65.37,77.17,11.8,68.04,1.041,0.882,40,
Okra,??u b?p,Vegetables,63.41,66.12,2.71,70.82,1.117,1.071,41,
Bitter melon,M??p ??ng,Vegetables,61.91,64.59,2.69,21.95,0.355,0.340,42,
Potatoes,Khoai tây,Tubers & roots,61.22,62.23,1.01,29.33,0.479,0.471,43,
Calabash,B?u,Vegetables,59.61,61.69,2.08,24.97,0.419,0.405,44,
Carp,Cá tr?m,Fish & seafood,59.53,67.21,7.68,702.68,11.804,10.455,45,
Common carp,Cá chép,Fish & seafood,59.53,67.21,7.68,702.68,11.804,10.455,45,
Cantaloupe,D?a vàng,Fruits,57.31,70.11,12.8,50.71,0.885,0.723,47,
"Vietnamese sausage, pork sausage, canned meat, pate, or bologna","L?p x??ng, xúc xích heo, th?t h?p, pa-tê, ho?c ch? l?a/th?t ngu?i ?óng h?p","Snacks, fast & processed",57.2,96.3,39.1,767.6,13.420,7.971,48,
Beef,Th?t bò,Meat,54.26,91.26,37,4411.23,81.298,48.337,49,
Wax gourd,Bí ?ao (bí xanh),Vegetables,52.85,54.93,2.08,24.97,0.472,0.455,50,
Bok choy,C?i thìa,Vegetables,52.55,54.05,1.5,35.07,0.667,0.649,51,
Maize,Ngô,Cereals,52.12,56.28,4.16,70.52,1.353,1.253,52,
"Mung bean sprouts,",Giá ?? xanh,Vegetables,51.91,56.4,4.49,59.3,1.142,1.051,53,
Tilapia,Có rô (phi),Fish & seafood,51.66,65.42,13.77,1013.29,19.615,15.489,54,
"Sponge gourd, Japanese origin",L?c lè,Vegetables,50.85,53.54,2.69,22.04,0.433,0.412,55,
Sponge gourd,M??p (h??ng),Vegetables,50.85,53.54,2.69,22.04,0.433,0.412,55,
Pork,Th?t l?n,Meat,47.67,71.81,24.13,618.91,12.983,8.619,57,
Rice (all kind),G?o,Cereals,46.84,47.87,1.03,233.97,4.995,4.888,58,
Avocado,Qu? b? v? xanh/ v? ??,Fruits,43.9,67.15,23.24,131.24,2.990,1.954,59,
White radish,C? c?i tr?ng,Vegetables,37.44,43.2,5.76,14.78,0.395,0.342,60,
Wheat/ bread,"S?n ph?m t? lúa mì (bánh mì, Spaghetti, …)",Cereals,36.55,62.19,25.64,74.12,2.028,1.192,61,
Longan,Nhãn,Fruits,34.15,51.73,17.57,19.95,0.584,0.386,62,
Litchi,V?i,Fruits,34.15,51.73,17.57,19.77,0.579,0.382,62,
Rambutan,Chôm chôm,Fruits,34.15,51.73,17.57,73.97,2.166,1.430,62,
Regular or dwarf banana,Chu?i,Fruits,33.86,51.33,17.46,34.59,1.022,0.674,65,
Apple,Táo (táo ??),Fruits,33.42,45.52,12.1,18.4,0.551,0.404,66,
Peach,?ào,Fruits,31.86,39.56,7.71,25.97,0.815,0.656,67,
Bubble tea,Trà s?a trân châu,Sweets & sweet drinks,31.32,46.56,15.24,151.53,4.838,3.255,68,
Yogurt,S?a chua,Dairy,27.76,39.27,11.51,219.67,7.913,5.594,69,
Fresh milk,S?a t??i các lo?i,Dairy,25.94,43.04,17.1,177.87,6.857,4.133,70,
Soybean milk,S?a ??u nành,"Legumes, nuts & seeds",25.8,28.66,2.86,34.21,1.326,1.194,71,
Pomegranate,Qu? l?u,Fruits,25.68,40.92,15.23,20.5,0.798,0.501,72,
Goose,Th?t ngan/ ng?ng,Meat,24.67,76.61,51.94,487.63,19.766,6.365,73,
"Sweet soup, Tofu pudding","Chè, tào ph?",Sweets & sweet drinks,23.79,27.07,3.28,80.41,3.380,2.970,74,
Plum,M?n,Fruits,23.59,34.7,11.11,69.24,2.935,1.995,75,
Watermelon,D?a h?u,Fruits,22.08,30.99,8.91,52.28,2.368,1.687,76,
Plant-based oils,"D?u th?c v?t (t? h?t:l?c, v?ng, qu?: oliu, d?a…)",Oils & fats,21.97,100.5,78.52,374.08,17.027,3.722,77,
Cucumber,D?a chu?t,Vegetables,20.08,22.32,2.24,23.25,1.158,1.042,78,
"Instant / Ready Meals ( Instant noodles, porridge,vermicelli)",Mì / cháo / bún / mi?n / ph? ?n li?n,"Snacks, fast & processed",17.7,39.8,22.1,168.85,9.540,4.242,79,
Sweetened cakes,Bánh ng?t,Sweets & sweet drinks,15.26,47.07,31.81,231.32,15.159,4.914,80,
Pear,Lê,Fruits,13.36,23.93,10.57,12.3,0.921,0.514,81,
Grapes,Nho,Fruits,13.28,30.59,17.31,48.87,3.680,1.598,82,
Ice cream,Kem,Sweets & sweet drinks,-2.04,51.41,53.45,220.08,,4.281,83,NRF9.3 <= 0: per-point ratio not defined (use NR9 ratio)
"Soft drinks such as Coke, Pepsi, 7-Up, Fanta or Twister, or energy drinks such as Bò húc, H? v?n","N??c ng?t nh? Coke, Pepsi, 7-Up, Fanta hay Twister, ho?c n??c t?ng l?c nh? Bò húc, H??",Sweets & sweet drinks,-9.61,1.78,11.39,49.86,,28.011,84,NRF9.3 <= 0: per-point ratio not defined (use NR9 ratio)
Animal fat,M? ??ng v?t,Oils & fats,-191,5,196,183.48,,36.696,85,NRF9.3 <= 0: per-point ratio not defined (use NR9 ratio)
"Fish sauce, soy sauce","N??c m?m, t??ng, xì d?u, m?m tôm, m?m nêm",Condiments,-359.03,19.4,378.43,100.33,,5.172,,"Condiment: eaten in gram amounts, NRF per 100 g not meaningful , excluded from food rankings"
MSG,Mì chính,Condiments,-512.5,0,512.5,75.32,,,,"Condiment: eaten in gram amounts, NRF per 100 g not meaningful — exclude from food rankings"
Seasoning,"B?t canh, b?t nêm",Condiments,-1625.82,3.35,1629.17,64.09,,19.131,,"Condiment: eaten in gram amounts, NRF per 100 g not meaningful — exclude from food rankings"
