region,quarter,grace_trend,vci_severe_pct
Central Highlands,2000Q1,,30.879294168353574
Central Highlands,2000Q2,,16.207805274330283
Central Highlands,2000Q3,,34.18004721863305
Central Highlands,2000Q4,,30.813409756785745
Central Highlands,2001Q1,,19.53400756140221
Central Highlands,2001Q2,,13.602058306066407
Central Highlands,2001Q3,,18.34964553406102
Central Highlands,2001Q4,,23.11750429006648
Central Highlands,2002Q1,,38.95987319361347
Central Highlands,2002Q2,6.274836175253975,45.20898398067826
Central Highlands,2002Q3,5.261857090682762,43.761172260572515
Central Highlands,2002Q4,4.151258953409885,19.267944736955233
Central Highlands,2003Q1,3.436697155894936,37.75657173922309
Central Highlands,2003Q2,2.1627450360452847,32.73010636630318
Central Highlands,2003Q3,1.1669363716687855,17.326190943370044
Central Highlands,2003Q4,0.9220004789425982,28.58241484448801
Central Highlands,2004Q1,1.2438424301278497,36.10397733704139
Central Highlands,2004Q2,1.2828537601975405,25.50244115251619
Central Highlands,2004Q3,0.3853766945000831,37.36496992533257
Central Highlands,2004Q4,-1.092997872007785,63.893105244040406
Central Highlands,2005Q1,-3.673428002717864,75.93244815821048
Central Highlands,2005Q2,-4.215607772245043,55.2448409639639
Central Highlands,2005Q3,-3.4970588381310823,35.86937903885126
Central Highlands,2005Q4,-2.31187058452292,22.523292360778928
Central Highlands,2006Q1,-0.9640119788959122,20.59915078264284
Central Highlands,2006Q2,-0.5923822117680773,21.737423684320166
Central Highlands,2006Q3,-0.930535676800504,16.917490180276285
Central Highlands,2006Q4,-1.2614623644437415,44.43145232295345
Central Highlands,2007Q1,-1.1326637391259258,42.84808807078464
Central Highlands,2007Q2,-1.2663664811671282,27.436740767411223
Central Highlands,2007Q3,-0.8333761218361606,21.074298709454037
Central Highlands,2007Q4,0.3454476335832477,26.683308530925085
Central Highlands,2008Q1,1.678554842983034,22.30025775931375
Central Highlands,2008Q2,1.6659061179198953,16.913794671117103
Central Highlands,2008Q3,1.8504809475397892,27.740537393915883
Central Highlands,2008Q4,2.171029765973772,33.86094577697062
Central Highlands,2009Q1,2.5588037364314653,15.074798994982984
Central Highlands,2009Q2,3.1391256257916895,16.117187554574265
Central Highlands,2009Q3,2.5811788978591994,40.93855036226317
Central Highlands,2009Q4,0.4505289551107062,44.275084452835706
Central Highlands,2010Q1,-2.7371690597016687,31.394042375784277
Central Highlands,2010Q2,-4.38086046587775,30.19847954971405
Central Highlands,2010Q3,-4.45132795142693,16.64126891696728
Central Highlands,2010Q4,-3.4821208665601295,15.259309561149726
Central Highlands,2011Q1,-0.6701890973349356,27.85295409940731
Central Highlands,2011Q2,1.990454574795783,36.13524501069289
Central Highlands,2011Q3,3.0375763657272676,29.66016313009588
Central Highlands,2011Q4,4.543435600196727,34.62538895526748
Central Highlands,2012Q1,4.340764173793309,25.7556653310593
Central Highlands,2012Q2,2.2976893318228955,17.708059554245217
Central Highlands,2012Q3,1.1025693583073144,26.79778593705805
Central Highlands,2012Q4,-0.7000392314871398,38.77399328229642
Central Highlands,2013Q1,-1.6909449533229126,39.73923551329495
Central Highlands,2013Q2,-0.6535493117943548,17.3061134446523
Central Highlands,2013Q3,0.4013124254190301,21.735674502581933
Central Highlands,2013Q4,1.2368426073674088,29.694500558034186
Central Highlands,2014Q1,1.6026754690520086,33.86764855087008
Central Highlands,2014Q2,1.0331894452009522,19.50335507007921
Central Highlands,2014Q3,-0.1760658416177306,23.15180069014879
Central Highlands,2014Q4,-0.7763144385247973,21.979276870048555
Central Highlands,2015Q1,-1.032645823823611,32.45169570693856
Central Highlands,2015Q2,-2.4612322216323936,28.96694390824984
Central Highlands,2015Q3,-2.704505870339217,20.70395567741909
Central Highlands,2015Q4,-3.7717582761007225,20.487156512792033
Central Highlands,2016Q1,-5.55095847334944,42.87641712673126
Central Highlands,2016Q2,-5.161349206697678,47.14934208566344
Central Highlands,2016Q3,-3.942144833574865,12.726050395535886
Central Highlands,2016Q4,-2.7641118363332216,14.840142063705152
Central Highlands,2017Q1,-3.3263685056687646,11.986471985610835
Central Highlands,2017Q2,-2.9845452058700426,12.13340314041778
Central Highlands,2017Q3,,12.412065448033545
Central Highlands,2017Q4,,11.73418111529088
Central Highlands,2018Q1,,14.255959114882252
Central Highlands,2018Q2,,21.77340557449568
Central Highlands,2018Q3,2.2073171307390114,25.692414136329703
Central Highlands,2018Q4,1.549466618353692,21.004894239161523
Central Highlands,2019Q1,0.6152609937496726,21.087252508233924
Central Highlands,2019Q2,0.4546320843939497,15.759018487904315
Central Highlands,2019Q3,-0.1065876371632374,19.227065580936017
Central Highlands,2019Q4,-1.3439440914188163,19.63812344864137
Central Highlands,2020Q1,-2.6314845512970733,33.82221755192394
Central Highlands,2020Q2,-3.3316522249162137,43.01911440557476
Central Highlands,2020Q3,-2.8027479345864346,25.017412851430823
Central Highlands,2020Q4,-1.5930128744004857,26.45366565109357
Central Highlands,2021Q1,0.1295619787259033,29.01383935688724
Central Highlands,2021Q2,1.0348433955394023,20.120235729670753
Central Highlands,2021Q3,1.7719677107770615,20.238766214977357
Central Highlands,2021Q4,3.5212075955562097,13.00118590470689
Central Highlands,2022Q1,6.241582208584878,5.784214833234042
Central Highlands,2022Q2,7.815111609455944,9.511063707378794
Central Highlands,2022Q3,8.344528667506156,20.471199547173185
Central Highlands,2022Q4,7.740431062789397,18.974573488949567
Central Highlands,2023Q1,6.593295218278349,16.291959070700283
Central Highlands,2023Q2,6.037652987180078,11.489031195372368
Central Highlands,2023Q3,5.2561012250390045,12.48326149394026
Central Highlands,2023Q4,3.855686186339262,12.770617481854616
Central Highlands,2024Q1,2.235755884115646,23.4983209043997
Central Highlands,2024Q2,1.73916605249793,34.388783250994756
Central Highlands,2024Q3,1.708786890927189,25.44557390194752
Central Highlands,2024Q4,3.3402835553213936,19.127894469992533
Central Highlands,2025Q1,5.774509495857825,
Central Highlands,2025Q2,7.156793061968657,
Central Highlands,2025Q3,8.649807364051988,
Central Highlands,2025Q4,9.994009763740763,
Mekong Delta,2000Q1,,28.896893349912744
Mekong Delta,2000Q2,,24.46032948948012
Mekong Delta,2000Q3,,43.39389826663987
Mekong Delta,2000Q4,,43.84007656578728
Mekong Delta,2001Q1,,37.01989662453517
Mekong Delta,2001Q2,,26.375662425237504
Mekong Delta,2001Q3,,40.341785655604816
Mekong Delta,2001Q4,,50.964948517592745
Mekong Delta,2002Q1,,51.37141052088375
Mekong Delta,2002Q2,9.28340062658934,34.267586161616556
Mekong Delta,2002Q3,8.671089800312313,40.84435943131191
Mekong Delta,2002Q4,7.551392052003726,39.73484639248505
Mekong Delta,2003Q1,7.888264729081126,38.74807079898632
Mekong Delta,2003Q2,7.445326803786724,32.41022148348177
Mekong Delta,2003Q3,5.676267353607353,34.88230520166783
Mekong Delta,2003Q4,6.049766540011563,32.02157188589341
Mekong Delta,2004Q1,5.814108673905799,53.14656102801053
Mekong Delta,2004Q2,6.131581703257852,41.58779664202911
Mekong Delta,2004Q3,5.073830117060564,32.352257795428955
Mekong Delta,2004Q4,3.211925435947492,34.71505225081824
Mekong Delta,2005Q1,0.5503012976364938,46.4605521437803
Mekong Delta,2005Q2,-1.7586514657484782,46.08863741722582
Mekong Delta,2005Q3,-1.6324948159501105,39.16622278665632
Mekong Delta,2005Q4,-1.3453036045451507,41.63421521046693
Mekong Delta,2006Q1,-1.0866966451068767,31.051220316451627
Mekong Delta,2006Q2,-0.9057199874050892,28.33307210349783
Mekong Delta,2006Q3,-1.0454978110744355,32.80558090065429
Mekong Delta,2006Q4,-1.2455378023858206,31.177543640461508
Mekong Delta,2007Q1,-1.1296784562822233,29.36420487250686
Mekong Delta,2007Q2,-1.2614821125015097,30.67021587111889
Mekong Delta,2007Q3,-1.0947514154902016,29.38346085284162
Mekong Delta,2007Q4,-0.7405779143923887,34.39938456133593
Mekong Delta,2008Q1,-0.5214113147073199,25.89723717891224
Mekong Delta,2008Q2,-1.1232962579645531,27.91186143462352
Mekong Delta,2008Q3,-1.0487623227157938,29.71986711193892
Mekong Delta,2008Q4,-1.0949186220841785,34.4650707543314
Mekong Delta,2009Q1,-1.0002854000865966,26.850349570067465
Mekong Delta,2009Q2,-0.2308829389163436,17.091855241024547
Mekong Delta,2009Q3,-1.0081972145714828,29.465835169708285
Mekong Delta,2009Q4,-1.5964579421586529,31.987108106596043
Mekong Delta,2010Q1,-2.9495925086021013,24.90769607328198
Mekong Delta,2010Q2,-4.927858485961467,31.5275009225776
Mekong Delta,2010Q3,-4.591191907564712,24.87083798449159
Mekong Delta,2010Q4,-3.8946216618584257,25.167100609234826
Mekong Delta,2011Q1,-2.565222691467721,24.48766687405218
Mekong Delta,2011Q2,-0.1887879253623326,18.695905777273012
Mekong Delta,2011Q3,0.1353810952935232,25.709775309570112
Mekong Delta,2011Q4,0.4459989437634999,33.49831018385166
Mekong Delta,2012Q1,-0.0285045889337239,18.25774730933652
Mekong Delta,2012Q2,-1.3279937736119425,14.199493168164382
Mekong Delta,2012Q3,-1.372375948789884,15.050508050983307
Mekong Delta,2012Q4,-1.6068201629691123,14.070756457180629
Mekong Delta,2013Q1,-1.284383424301556,21.765986865303603
Mekong Delta,2013Q2,-0.195795665063686,19.68531663140674
Mekong Delta,2013Q3,0.4651151923263811,18.028510292327972
Mekong Delta,2013Q4,0.3875843895026976,25.943840520844223
Mekong Delta,2014Q1,0.1000224292839909,22.33185327941143
Mekong Delta,2014Q2,-0.861161783559827,16.337743463908982
Mekong Delta,2014Q3,-1.967123870025811,19.86292431085683
Mekong Delta,2014Q4,-2.31087317362596,19.29201429552243
Mekong Delta,2015Q1,-2.0502673999991075,28.01398977148186
Mekong Delta,2015Q2,-3.650871409496714,26.29726746381471
Mekong Delta,2015Q3,-4.37849556359093,10.891863433486863
Mekong Delta,2015Q4,-4.449170388254815,13.954463590040776
Mekong Delta,2016Q1,-5.590704777714537,27.34309487239212
Mekong Delta,2016Q2,-5.932715506782387,29.213873280037465
Mekong Delta,2016Q3,-4.794875622316413,18.574549509390003
Mekong Delta,2016Q4,-4.34248243309905,18.272952003888605
Mekong Delta,2017Q1,-4.784946659344913,19.047984356035247
Mekong Delta,2017Q2,-4.674996482279242,14.336675447190247
Mekong Delta,2017Q3,,17.6979651203629
Mekong Delta,2017Q4,,22.704971661461737
Mekong Delta,2018Q1,,20.328755362975976
Mekong Delta,2018Q2,,12.867250599715929
Mekong Delta,2018Q3,1.5557745434638135,19.655791481502995
Mekong Delta,2018Q4,0.7260856861025914,18.778438630247052
Mekong Delta,2019Q1,-0.2514259482156958,20.30471557266703
Mekong Delta,2019Q2,-0.7437054999283534,17.64505288983275
Mekong Delta,2019Q3,-1.6894017737555551,16.62786053062058
Mekong Delta,2019Q4,-2.708012607302256,15.998154464049538
Mekong Delta,2020Q1,-3.390128741026622,40.67767156770578
Mekong Delta,2020Q2,-4.12824180326927,38.35963913691778
Mekong Delta,2020Q3,-3.5865301576137583,26.543172644792136
Mekong Delta,2020Q4,-2.8866144866679773,33.312400713623646
Mekong Delta,2021Q1,-2.524375398111429,24.477331781402228
Mekong Delta,2021Q2,-2.642977854811865,17.120807414243615
Mekong Delta,2021Q3,-2.1387741806258185,13.598115931750732
Mekong Delta,2021Q4,-1.3081438644338634,15.460818621729429
Mekong Delta,2022Q1,0.2365410771465197,20.370852652219867
Mekong Delta,2022Q2,1.8211670720138315,15.567815232397388
Mekong Delta,2022Q3,2.2276319117882397,17.32736327675926
Mekong Delta,2022Q4,1.9158136698167791,16.948877870523564
Mekong Delta,2023Q1,1.2207880547509349,19.58863639011535
Mekong Delta,2023Q2,0.9216399018003856,15.250193673912644
Mekong Delta,2023Q3,0.5387242734541905,15.450346574534858
Mekong Delta,2023Q4,-0.3517088343470786,17.162340724047205
Mekong Delta,2024Q1,-1.0549173648375485,23.442684139910025
Mekong Delta,2024Q2,-1.9022925192243776,25.320134003986706
Mekong Delta,2024Q3,-2.569119045860332,17.095497242742912
Mekong Delta,2024Q4,-1.483957221705411,17.238379883090087
Mekong Delta,2025Q1,-0.7231694807182844,
Mekong Delta,2025Q2,0.0608653604591606,
Mekong Delta,2025Q3,0.4464626795487117,
Mekong Delta,2025Q4,0.9685008711406744,
North Central Coast,2000Q1,,47.83359996133783
North Central Coast,2000Q2,,35.216954851334606
North Central Coast,2000Q3,,41.76110242784406
North Central Coast,2000Q4,,25.482840543613143
North Central Coast,2001Q1,,27.120864271630644
North Central Coast,2001Q2,,28.34626699029334
North Central Coast,2001Q3,,28.962745540134172
North Central Coast,2001Q4,,44.30065396716216
North Central Coast,2002Q1,,49.80349664207545
North Central Coast,2002Q2,6.614632615384586,23.64432080706511
North Central Coast,2002Q3,5.71422209746446,29.382340942675373
North Central Coast,2002Q4,4.625808178658906,33.99787767617192
North Central Coast,2003Q1,4.0104111073255275,17.25778844352707
North Central Coast,2003Q2,3.3882000943687274,28.57472633841816
North Central Coast,2003Q3,1.828363830303388,28.235812638436126
North Central Coast,2003Q4,1.0361914251413298,48.68262600419403
North Central Coast,2004Q1,1.4305362709672202,39.5401409002358
North Central Coast,2004Q2,1.284924479757516,28.386419922343965
North Central Coast,2004Q3,0.6530106157986797,23.895382386154992
North Central Coast,2004Q4,-0.3910801951978623,47.39183044913971
North Central Coast,2005Q1,-2.0482554787277,60.29406422415243
North Central Coast,2005Q2,-2.3519733020614715,59.85709326535605
North Central Coast,2005Q3,-1.6600977428884849,34.95839015740914
North Central Coast,2005Q4,-0.8196485040133693,56.95347610535547
North Central Coast,2006Q1,-0.0914463021875776,73.41039763202923
North Central Coast,2006Q2,-0.1251173256693046,26.659673694749852
North Central Coast,2006Q3,-0.4275389841013883,23.66496958038574
North Central Coast,2006Q4,-0.6733535532805729,32.42387086281983
North Central Coast,2007Q1,-0.9737003103661992,34.47781049219484
North Central Coast,2007Q2,-0.8387128798053151,23.33798397823261
North Central Coast,2007Q3,-0.6093132817225938,26.11118953860305
North Central Coast,2007Q4,-0.1082674906875587,58.30788721581413
North Central Coast,2008Q1,0.8037411393242745,61.94410218585774
North Central Coast,2008Q2,1.0480495560007006,30.785763506865603
North Central Coast,2008Q3,1.6680769056632874,29.58336070132073
North Central Coast,2008Q4,1.8283538216675144,56.54047339957626
North Central Coast,2009Q1,1.6459828915259236,64.82222299941863
North Central Coast,2009Q2,1.267211769508079,17.99834058326772
North Central Coast,2009Q3,0.1350156381725476,11.59416977244451
North Central Coast,2009Q4,-0.734476821482832,26.18864287889201
North Central Coast,2010Q1,-1.5996297437677534,26.911470356296434
North Central Coast,2010Q2,-1.243566939977491,42.09888965613396
North Central Coast,2010Q3,-0.5907934476707996,26.806663068781887
North Central Coast,2010Q4,0.3999369525054519,40.56709143382392
North Central Coast,2011Q1,1.9458414399020736,51.06118916517128
North Central Coast,2011Q2,2.4760830691068305,38.757039788601745
North Central Coast,2011Q3,3.0472087311307057,30.59718671299883
North Central Coast,2011Q4,3.673057869380129,19.826632942938694
North Central Coast,2012Q1,3.5917191895269265,28.18807700960735
North Central Coast,2012Q2,2.8161156628817388,27.455186186839615
North Central Coast,2012Q3,2.480551659655155,20.0361248058194
North Central Coast,2012Q4,1.7916251143017898,11.858903891120582
North Central Coast,2013Q1,1.1025806467216983,21.914058151803303
North Central Coast,2013Q2,1.4736282713771287,14.152551957075495
North Central Coast,2013Q3,2.023930057021273,10.821222398493312
North Central Coast,2013Q4,2.308918173148147,54.532520605123445
North Central Coast,2014Q1,2.199137216989436,55.26877393983636
North Central Coast,2014Q2,2.008329750668504,27.06684959067259
North Central Coast,2014Q3,1.4728930748335414,8.927984604131012
North Central Coast,2014Q4,0.9660509131939368,19.526090910280583
North Central Coast,2015Q1,0.7114296315607336,25.459740523485394
North Central Coast,2015Q2,-0.2784082070625865,31.518346945682715
North Central Coast,2015Q3,-0.6445093188795318,20.83174809027604
North Central Coast,2015Q4,-0.2190082578023077,10.549114413085936
North Central Coast,2016Q1,-0.2425640683424815,16.521277711064293
North Central Coast,2016Q2,0.0903786942168568,16.840772382494123
North Central Coast,2016Q3,0.7303916270987922,27.023577540739705
North Central Coast,2016Q4,0.7750607760362752,25.268171985490767
North Central Coast,2017Q1,1.2621924339688615,15.864826061912938
North Central Coast,2017Q2,1.5509871438199416,13.17791840729952
North Central Coast,2017Q3,,14.297181252117149
North Central Coast,2017Q4,,25.713114850034348
North Central Coast,2018Q1,,26.07191606482171
North Central Coast,2018Q2,,14.43307493681782
North Central Coast,2018Q3,3.4035510378709835,11.08642280752144
North Central Coast,2018Q4,2.3433113730673183,4.734243731480106
North Central Coast,2019Q1,1.1446541442720477,4.806372321125338
North Central Coast,2019Q2,0.4722193685638081,16.417796960669463
North Central Coast,2019Q3,-0.8686032455107384,16.369807675860077
North Central Coast,2019Q4,-1.977421423092508,13.881932925769275
North Central Coast,2020Q1,-2.394662206669413,8.334486591353459
North Central Coast,2020Q2,-1.4794812673335502,16.271933821812794
North Central Coast,2020Q3,-0.2976870408596361,31.209758499592272
North Central Coast,2020Q4,0.4997294141884793,32.673966905500464
North Central Coast,2021Q1,1.0043197340325127,22.003609709847986
North Central Coast,2021Q2,0.6372308199573846,9.767496860722863
North Central Coast,2021Q3,0.9990771596286636,14.384939645586048
North Central Coast,2021Q4,2.750092587130033,11.250427703921874
North Central Coast,2022Q1,4.389068789252042,6.005549766872545
North Central Coast,2022Q2,5.069939634887469,7.982859650157211
North Central Coast,2022Q3,4.992728802246796,18.47554783701523
North Central Coast,2022Q4,3.563007292524008,18.745211037891337
North Central Coast,2023Q1,2.3481012974647224,10.78579891472027
North Central Coast,2023Q2,2.338717542068481,20.443761519145475
North Central Coast,2023Q3,2.434531776499026,15.93108315061203
North Central Coast,2023Q4,2.292502355035832,6.6471619089155105
North Central Coast,2024Q1,2.9326309455520327,4.392900572371984
North Central Coast,2024Q2,3.636992002651622,9.54100534928758
North Central Coast,2024Q3,3.601802281942201,10.093743713391952
North Central Coast,2024Q4,4.111103098885728,26.1409103114471
North Central Coast,2025Q1,5.0653171742318435,
North Central Coast,2025Q2,5.434971722712038,
North Central Coast,2025Q3,5.946799938636707,
North Central Coast,2025Q4,6.39597366465261,
Northeast,2000Q1,,19.912848702858778
Northeast,2000Q2,,26.914749148616934
Northeast,2000Q3,,30.191330022926557
Northeast,2000Q4,,33.81527181671605
Northeast,2001Q1,,40.282118524001234
Northeast,2001Q2,,38.47473677691322
Northeast,2001Q3,,32.94766792852794
Northeast,2001Q4,,54.83915318826955
Northeast,2002Q1,,59.19981102176556
Northeast,2002Q2,10.175467903531464,50.67852740878315
Northeast,2002Q3,8.653472695591912,26.281531633092904
Northeast,2002Q4,6.66418012201642,47.344471227653166
Northeast,2003Q1,5.905651952026741,34.56234067097164
Northeast,2003Q2,4.88504208394085,19.362410836222825
Northeast,2003Q3,1.939064544988068,37.295648032370885
Northeast,2003Q4,0.4913111730593084,62.8592034554521
Northeast,2004Q1,0.6246124389991118,56.082132816013214
Northeast,2004Q2,0.2791291404511657,53.19368785503955
Northeast,2004Q3,-0.1131612432651266,30.105658956863422
Northeast,2004Q4,-0.8276575708033923,61.78004096748947
Northeast,2005Q1,-1.8972172426968643,66.14379314851541
Northeast,2005Q2,-2.402180720076135,62.341043036758954
Northeast,2005Q3,-2.0635883756345956,19.56647565113298
Northeast,2005Q4,-1.6898681046287622,16.561490612454932
Northeast,2006Q1,-1.1817117096269636,25.451332525420224
Northeast,2006Q2,-0.7528188762841092,23.43834839903184
Northeast,2006Q3,-0.6741388694522641,15.265475317783611
Northeast,2006Q4,-0.6813152890998138,52.07117794140166
Northeast,2007Q1,-0.8071248326547719,37.131528623323334
Northeast,2007Q2,-0.8661007998058844,28.19963135909613
Northeast,2007Q3,-1.085905288115734,15.905358165356857
Northeast,2007Q4,-0.4751153438795544,47.382877483208375
Northeast,2008Q1,0.824053189248152,59.80055734403903
Northeast,2008Q2,2.6357543322537618,30.496838574243867
Northeast,2008Q3,4.560842389461881,12.762092722289076
Northeast,2008Q4,4.696213791016016,22.81532664590121
Northeast,2009Q1,3.812620189485282,34.32740425240634
Northeast,2009Q2,1.5419125971459506,29.278531494512947
Northeast,2009Q3,-0.7520812528803279,14.211318846175928
Northeast,2009Q4,-1.879084721675601,27.92917919055003
Northeast,2010Q1,-2.6307907444112324,54.74523621862353
Northeast,2010Q2,-2.2108950580381057,52.17308103310221
Northeast,2010Q3,-1.2275367912390265,42.30731644167212
Northeast,2010Q4,-0.1186177125338763,40.97904603011151
Northeast,2011Q1,0.471136542267411,41.25265458076443
Northeast,2011Q2,0.3061985632357651,32.983469959125316
Northeast,2011Q3,0.0953523958010814,32.20756103859565
Northeast,2011Q4,-0.2091407566196311,15.039156610508549
Northeast,2012Q1,0.2700554816894142,19.813797005452713
Northeast,2012Q2,1.4339291221951664,45.79747242672081
Northeast,2012Q3,2.9001876328494975,40.896371804751624
Northeast,2012Q4,3.5721109515650196,26.765198181277142
Northeast,2013Q1,2.853457228812166,5.475950959681365
Northeast,2013Q2,1.977718247901109,7.095296032642367
Northeast,2013Q3,2.072068229669927,7.933140213420798
Northeast,2013Q4,2.3885542020132657,28.29689283266595
Northeast,2014Q1,2.7539836692835964,26.02995118398591
Northeast,2014Q2,4.165960289866398,12.554117777608436
Northeast,2014Q3,4.89958422376253,19.20236381812551
Northeast,2014Q4,4.766295674192607,20.855452590125857
Northeast,2015Q1,4.872374580145688,12.244564859046092
Northeast,2015Q2,4.727041234002683,16.147172689634292
Northeast,2015Q3,5.507928383143028,12.290522686355215
Northeast,2015Q4,7.258260137174688,7.467265662051693
Northeast,2016Q1,7.607361051189598,29.57463817787686
Northeast,2016Q2,7.273120069049048,15.338405067607496
Northeast,2016Q3,5.68727798839732,30.732802348979153
Northeast,2016Q4,4.2395125205351185,17.088284770862163
Northeast,2017Q1,4.136295361238615,11.325899523702008
Northeast,2017Q2,3.451148960077384,11.33150491990105
Northeast,2017Q3,,19.794444734742942
Northeast,2017Q4,,17.585366414447794
Northeast,2018Q1,,24.549150759626414
Northeast,2018Q2,,18.330531578313675
Northeast,2018Q3,13.109844225056342,12.63809959640406
Northeast,2018Q4,10.38293283022659,16.16934236121084
Northeast,2019Q1,7.640069678932134,8.624922024490077
Northeast,2019Q2,5.19582567442746,6.6896597305230765
Northeast,2019Q3,1.8765977764156427,7.000219427177746
Northeast,2019Q4,-0.449875757166441,15.106202235794774
Northeast,2020Q1,-1.344912826527243,10.229883941268062
Northeast,2020Q2,-0.906340517037163,9.85471249704568
Northeast,2020Q3,-0.3188263091183226,32.719792099910514
Northeast,2020Q4,-0.3184331991814997,15.666790012585308
Northeast,2021Q1,-0.3785576197084975,6.344459480711512
Northeast,2021Q2,-0.8223408760726677,7.585711423435109
Northeast,2021Q3,0.2798139626185416,5.47197039763507
Northeast,2021Q4,2.6406653524567165,10.6431917895004
Northeast,2022Q1,5.108036582350807,18.099459632534675
Northeast,2022Q2,5.652603013370099,13.233912107544525
Northeast,2022Q3,4.762042758853562,14.533708505011672
Northeast,2022Q4,1.895061949857048,7.96680740120595
Northeast,2023Q1,-0.7585120524244527,4.739144029147976
Northeast,2023Q2,-0.4632509082074321,21.39346969537337
Northeast,2023Q3,-0.031834317808737,17.696753702730934
Northeast,2023Q4,0.6022783815011545,8.392175613029499
Northeast,2024Q1,2.389029748363995,7.171181390410721
Northeast,2024Q2,3.2983529785868564,22.343945957815585
Northeast,2024Q3,2.509683206187134,28.606309466439463
Northeast,2024Q4,1.7750522543325151,24.254786572889397
Northeast,2025Q1,1.7222672094162683,
Northeast,2025Q2,1.8691723152059967,
Northeast,2025Q3,0.8158118131235982,
Northeast,2025Q4,0.4462863008384515,
Northwest,2000Q1,,65.07069747018957
Northwest,2000Q2,,18.147491025579683
Northwest,2000Q3,,16.601299135302362
Northwest,2000Q4,,21.14192509737628
Northwest,2001Q1,,24.75937849527129
Northwest,2001Q2,,15.500550184118762
Northwest,2001Q3,,16.004124369823764
Northwest,2001Q4,,28.94316117041876
Northwest,2002Q1,,42.51411614441571
Northwest,2002Q2,11.581990919320916,32.420450330542714
Northwest,2002Q3,9.674551734570535,18.13678723810903
Northwest,2002Q4,7.157847911988749,23.259158440590618
Northwest,2003Q1,6.320553865767454,15.985797616722916
Northwest,2003Q2,4.847987706977132,16.62361252798931
Northwest,2003Q3,1.2974256060449532,11.477319822135158
Northwest,2003Q4,-0.5845042180954879,49.122235708179666
Northwest,2004Q1,-0.1698326892299658,52.00093583270136
Northwest,2004Q2,0.1478783386803746,30.81256543220374
Northwest,2004Q3,0.1139936307222478,24.68984717966034
Northwest,2004Q4,-0.584339728264099,65.065062172076
Northwest,2005Q1,-2.10692743771714,70.76850169477753
Northwest,2005Q2,-2.8055975788095964,55.350530027055505
Northwest,2005Q3,-2.0008172260751933,20.483914722977165
Northwest,2005Q4,-1.318389770265054,33.97395665103298
Northwest,2006Q1,-0.7210549566334096,38.16346247026288
Northwest,2006Q2,-0.3652508830470869,25.34880265939814
Northwest,2006Q3,-0.775193240826694,16.799442298792474
Northwest,2006Q4,-1.055763177364408,41.61018695166237
Northwest,2007Q1,-1.0589852143943406,55.73583264970234
Northwest,2007Q2,-1.26394764203691,44.16845947558512
Northwest,2007Q3,-1.5686780187915286,13.760860670335656
Northwest,2007Q4,-0.792671965703629,39.086850573601126
Northwest,2008Q1,0.62965152517849,37.25067071597262
Northwest,2008Q2,2.703372873499632,15.2601504324843
Northwest,2008Q3,5.066610701412357,12.728568184654373
Northwest,2008Q4,5.291847436604358,29.702664172586484
Northwest,2009Q1,4.486646980932719,46.80817048510035
Northwest,2009Q2,1.9342301148659768,37.71424568173229
Northwest,2009Q3,-0.9359532750307444,23.363749330808137
Northwest,2009Q4,-2.51158758122326,40.34745627428907
Northwest,2010Q1,-4.036392654973538,59.66339135331841
Northwest,2010Q2,-3.683991296026493,42.90805104502349
Northwest,2010Q3,-2.3261436808206004,26.630467428133425
Northwest,2010Q4,-0.7040366206600753,37.989089827052645
Northwest,2011Q1,0.9669920968636976,61.081790236870454
Northwest,2011Q2,1.5668836469005027,22.946099170557197
Northwest,2011Q3,1.8904442369940408,24.219708184698437
Northwest,2011Q4,1.9528539716989943,23.255211472949934
Northwest,2012Q1,2.44025565416863,34.5183510983853
Northwest,2012Q2,3.4196909093630175,39.02129695135298
Northwest,2012Q3,4.803341525949297,29.78952453018709
Northwest,2012Q4,5.124603671583868,22.59935731910909
Northwest,2013Q1,3.7206950097257288,11.610735683382194
Northwest,2013Q2,2.47687353719327,11.84204968840585
Northwest,2013Q3,3.0567613132067972,12.237352626648208
Northwest,2013Q4,3.5423085183420517,47.10612243669074
Northwest,2014Q1,4.00259212678425,45.92049774851471
Northwest,2014Q2,5.665964629634011,25.346937622821724
Northwest,2014Q3,6.128641806182025,24.658564552476513
Northwest,2014Q4,6.028397911793654,22.247072966679536
Northwest,2015Q1,6.24260726219293,20.10052537129054
Northwest,2015Q2,5.61295209040017,31.194492167465956
Northwest,2015Q3,5.475413186233117,27.801675964861357
Northwest,2015Q4,6.756494623856309,10.028449603755796
Northwest,2016Q1,7.245331052838229,48.57316514508534
Northwest,2016Q2,7.225115247637,37.76438374542995
Northwest,2016Q3,6.164477497862592,44.881270063737354
Northwest,2016Q4,5.11277219359865,47.30235736112341
Northwest,2017Q1,5.336516683823485,10.403151936757542
Northwest,2017Q2,4.970121726093463,13.048481034455644
Northwest,2017Q3,,23.41274599688133
Northwest,2017Q4,,22.192485255347695
Northwest,2018Q1,,15.235651102274648
Northwest,2018Q2,,16.900288716830328
Northwest,2018Q3,19.92219591477693,22.900402951827576
Northwest,2018Q4,15.309484566481174,21.29205417846605
Northwest,2019Q1,10.715925464497127,10.9858428893872
Northwest,2019Q2,6.580635446087437,15.239646967861464
Northwest,2019Q3,0.6678975405027847,12.717805255652571
Northwest,2019Q4,-2.85363366812023,28.750697312485304
Northwest,2020Q1,-3.9654595044758456,20.647434047840147
Northwest,2020Q2,-3.357836847605819,15.046759832365876
Northwest,2020Q3,-2.0746988157188633,28.95190281867989
Northwest,2020Q4,-1.3160810007240409,15.368895524486032
Northwest,2021Q1,-0.9823551711526278,13.909895247772573
Northwest,2021Q2,-1.150690156242674,8.765619444366788
Northwest,2021Q3,0.2419903130478262,9.094345222429316
Northwest,2021Q4,2.8885530613082495,8.23666108410017
Northwest,2022Q1,5.622314772711422,7.503619381245851
Northwest,2022Q2,6.268405452514634,7.291428623841337
Northwest,2022Q3,5.611380304940972,10.907535026583863
Northwest,2022Q4,2.4445730341052267,12.582262137696429
Northwest,2023Q1,-0.8012879771846134,11.56668541622846
Northwest,2023Q2,-0.7036690873677545,21.244761001995833
Northwest,2023Q3,-0.3791840669777486,16.30628015443911
Northwest,2023Q4,0.1880735295956323,11.942033406978872
Northwest,2024Q1,2.106108877749356,20.33265156114527
Northwest,2024Q2,3.605320874462752,31.533367160777345
Northwest,2024Q3,3.1218633437899226,32.68448448060032
Northwest,2024Q4,2.830377743867107,21.336396187788907
Northwest,2025Q1,4.302189023200933,
Northwest,2025Q2,5.386752151366022,
Northwest,2025Q3,4.916369098277535,
Northwest,2025Q4,5.259412329861171,
Red River Delta,2000Q1,,29.09308584852312
Red River Delta,2000Q2,,26.03465937768348
Red River Delta,2000Q3,,26.639281386847603
Red River Delta,2000Q4,,63.90289218171833
Red River Delta,2001Q1,,54.819470597933176
Red River Delta,2001Q2,,48.424983744354115
Red River Delta,2001Q3,,39.35954076029069
Red River Delta,2001Q4,,62.527821538724055
Red River Delta,2002Q1,,76.7086217062814
Red River Delta,2002Q2,8.968482532046691,24.161664444582645
Red River Delta,2002Q3,7.832416854736321,12.133320194319182
Red River Delta,2002Q4,6.256599517587581,33.95252470662774
Red River Delta,2003Q1,5.801965041124121,22.71171732065393
Red River Delta,2003Q2,5.241498650605558,39.140391415988354
Red River Delta,2003Q3,2.668947436524296,21.393533194551313
Red River Delta,2003Q4,1.3828202161827952,51.325394369919394
Red River Delta,2004Q1,1.589771408351625,53.69433402716325
Red River Delta,2004Q2,1.1005209632307025,39.10180436757526
Red River Delta,2004Q3,0.6071126057656734,41.93678829352509
Red River Delta,2004Q4,-0.3029137210428267,32.021825443052315
Red River Delta,2005Q1,-1.530768622258114,26.156508675947695
Red River Delta,2005Q2,-1.8269312875942976,22.288414172496505
Red River Delta,2005Q3,-1.3634203260911135,35.06193773737911
Red River Delta,2005Q4,-0.8002076524041369,40.19671934367162
Red River Delta,2006Q1,-0.2718587354620753,25.631186479387424
Red River Delta,2006Q2,-0.1460909603033541,11.02418292255612
Red River Delta,2006Q3,-0.3455996503749398,11.636636295489916
Red River Delta,2006Q4,-0.5307065419010418,26.480780840580454
Red River Delta,2007Q1,-0.8035027141254868,32.58349880469957
Red River Delta,2007Q2,-0.9106527218897164,27.551084786394657
Red River Delta,2007Q3,-1.0358472213282348,25.431234270431823
Red River Delta,2007Q4,-0.5555852211384371,47.10507791456129
Red River Delta,2008Q1,0.3960595076145707,53.44852749970692
Red River Delta,2008Q2,1.246361406382826,29.969192492773953
Red River Delta,2008Q3,2.378939696736868,31.157281981186525
Red River Delta,2008Q4,2.4821733923969624,64.30873846546268
Red River Delta,2009Q1,1.9695764858705325,55.191438172555145
Red River Delta,2009Q2,0.8843983876627379,33.36458057449289
Red River Delta,2009Q3,-0.3846251599840322,12.93075071078251
Red River Delta,2009Q4,-1.0803236235723264,28.797098918840213
Red River Delta,2010Q1,-1.6164785572698752,57.08590173412141
Red River Delta,2010Q2,-1.2549874723780143,53.39745387972829
Red River Delta,2010Q3,-0.7586408468454938,26.95831858962269
Red River Delta,2010Q4,-0.0010571097519398,29.592164792934845
Red River Delta,2011Q1,0.789426735043245,24.742188196055775
Red River Delta,2011Q2,0.9448092268126632,16.596205582382105
Red River Delta,2011Q3,1.3688410800970112,27.805771972797725
Red River Delta,2011Q4,1.6871092515945512,17.690521350895644
Red River Delta,2012Q1,1.9546112404854696,9.555269782953488
Red River Delta,2012Q2,2.3070284017399745,20.736453334337988
Red River Delta,2012Q3,3.0171640304444733,25.74834593353693
Red River Delta,2012Q4,3.1597366507261073,17.700584916056453
Red River Delta,2013Q1,2.5440213068958863,10.63182391472556
Red River Delta,2013Q2,2.081046695677506,22.541970649542783
Red River Delta,2013Q3,2.117224472514487,24.785881449334628
Red River Delta,2013Q4,2.383922768554,28.464656105711654
Red River Delta,2014Q1,2.4737155894150145,22.9209630919552
Red River Delta,2014Q2,3.1781115370973527,7.105727994568623
Red River Delta,2014Q3,3.2504079410846813,11.70429531792172
Red River Delta,2014Q4,2.8539120167813103,13.131186411175957
Red River Delta,2015Q1,2.8623141807833252,9.70357380516104
Red River Delta,2015Q2,2.4106056423802817,23.646479912697707
Red River Delta,2015Q3,2.7356573863824307,23.909448985654578
Red River Delta,2015Q4,4.406502863539922,16.387808156220576
Red River Delta,2016Q1,4.651536188626305,51.85945380620676
Red River Delta,2016Q2,4.509667096293723,12.479026167626342
Red River Delta,2016Q3,3.9319268226446735,13.507567774729514
Red River Delta,2016Q4,2.8228948927519917,11.487014966317016
Red River Delta,2017Q1,3.078778270848181,19.88825117107821
Red River Delta,2017Q2,2.764535726491675,9.739125002644135
Red River Delta,2017Q3,,23.703790090612184
Red River Delta,2017Q4,,36.59684357113633
Red River Delta,2018Q1,,20.071466667728817
Red River Delta,2018Q2,,16.86145691048394
Red River Delta,2018Q3,9.431256106798362,20.459035518171067
Red River Delta,2018Q4,7.416286868448398,9.400120983884197
Red River Delta,2019Q1,5.2946802885367275,18.620988872097957
Red River Delta,2019Q2,3.6529803069280153,24.340678608454635
Red River Delta,2019Q3,1.275836022568394,15.108323722952065
Red River Delta,2019Q4,-0.7080415277392047,8.623533967781501
Red River Delta,2020Q1,-1.3347350872058206,18.0241075711677
Red River Delta,2020Q2,-0.8488447994325938,23.77570588942235
Red River Delta,2020Q3,-0.3387989333870939,22.405450962133504
Red River Delta,2020Q4,-0.1327431788491096,20.103388395764316
Red River Delta,2021Q1,-0.0923404188618915,26.739700109872885
Red River Delta,2021Q2,-0.443850244621676,19.01151421845038
Red River Delta,2021Q3,0.28225897072404,15.515949600402566
Red River Delta,2021Q4,2.200160255880676,26.368317714172896
Red River Delta,2022Q1,4.1998025547466575,29.549374702093967
Red River Delta,2022Q2,4.81023663253757,25.53253592441024
Red River Delta,2022Q3,4.5232119535974045,24.081390713644055
Red River Delta,2022Q4,2.6728653345448623,24.512832480551605
Red River Delta,2023Q1,0.9678066176283794,24.908988055513657
Red River Delta,2023Q2,1.578441603371567,17.39596844448917
Red River Delta,2023Q3,2.1226154856120036,17.12197389616482
Red River Delta,2023Q4,2.479307974253256,10.302536678947352
Red River Delta,2024Q1,3.76199310394137,7.751363249707069
Red River Delta,2024Q2,4.461201159101688,13.265990136784426
Red River Delta,2024Q3,3.740062820255227,26.590566719980252
Red River Delta,2024Q4,3.2982662548287145,29.69736393020404
Red River Delta,2025Q1,3.1562114224161824,
Red River Delta,2025Q2,2.919773892956668,
Red River Delta,2025Q3,2.323697386098676,
Red River Delta,2025Q4,2.0073096485339077,
South Central Coast,2000Q1,,44.50013499247877
South Central Coast,2000Q2,,20.91599894996264
South Central Coast,2000Q3,,32.90143234237658
South Central Coast,2000Q4,,33.032801198426704
South Central Coast,2001Q1,,31.464258045595273
South Central Coast,2001Q2,,18.681882518011165
South Central Coast,2001Q3,,19.52488847498125
South Central Coast,2001Q4,,28.33416066809642
South Central Coast,2002Q1,,52.2133430641177
South Central Coast,2002Q2,3.678914141090884,51.92005124840135
South Central Coast,2002Q3,3.0612468975968268,37.973227247386546
South Central Coast,2002Q4,2.4180312348406043,22.3428871385648
South Central Coast,2003Q1,1.8734524511494728,40.10331293872481
South Central Coast,2003Q2,1.215599890329467,34.31284063846669
South Central Coast,2003Q3,0.5612315791271814,21.01365921539648
South Central Coast,2003Q4,0.4524701766115502,34.51548051685057
South Central Coast,2004Q1,0.8015231421807707,57.75696157432939
South Central Coast,2004Q2,0.873435310020641,54.9947946317636
South Central Coast,2004Q3,0.2529078924391685,44.68617886427451
South Central Coast,2004Q4,-0.8685886179937543,59.58707138592047
South Central Coast,2005Q1,-2.801809269530726,60.71452965174418
South Central Coast,2005Q2,-3.1045363812298357,57.51527458490742
South Central Coast,2005Q3,-2.4814788499008276,45.04793088482272
South Central Coast,2005Q4,-1.4695276043078482,37.27208157281753
South Central Coast,2006Q1,-0.3896695332204817,38.27730966700128
South Central Coast,2006Q2,-0.2085068550454735,34.5553698742594
South Central Coast,2006Q3,-0.4809698909556191,30.833053485544855
South Central Coast,2006Q4,-0.8505981190816048,26.509332949671258
South Central Coast,2007Q1,-0.947927415416909,49.26987491988855
South Central Coast,2007Q2,-0.922970299557596,32.84729920909416
South Central Coast,2007Q3,-0.5116169484033117,20.660662954910563
South Central Coast,2007Q4,0.4199834126682961,33.57147017384673
South Central Coast,2008Q1,1.552196132827878,40.89151510234134
South Central Coast,2008Q2,1.604093917021437,15.304382178335048
South Central Coast,2008Q3,1.848109959617546,25.44721885092319
South Central Coast,2008Q4,1.8823789444535033,39.72280887089517
South Central Coast,2009Q1,1.8230510408835283,37.700184123646366
South Central Coast,2009Q2,1.8420797757687373,13.889640013824048
South Central Coast,2009Q3,1.0165120152735434,23.878632083594027
South Central Coast,2009Q4,-0.3991939873379007,29.703716261950905
South Central Coast,2010Q1,-2.1707646992761913,18.14159449435912
South Central Coast,2010Q2,-2.5255114339087643,29.40524903663453
South Central Coast,2010Q3,-2.2227195681718395,20.241166228556203
South Central Coast,2010Q4,-1.1733071008127665,27.35084432365749
South Central Coast,2011Q1,0.6966179671992867,28.69280279683117
South Central Coast,2011Q2,1.7829218138453191,24.219875705527546
South Central Coast,2011Q3,2.5165710041572615,23.87623088958618
South Central Coast,2011Q4,3.517243264436649,39.44509210469624
South Central Coast,2012Q1,3.573616489081027,32.83094256151529
South Central Coast,2012Q2,2.4653959353829267,9.784357324077511
South Central Coast,2012Q3,1.5941139980071872,19.424218128350873
South Central Coast,2012Q4,0.2571474885727478,16.383816499169924
South Central Coast,2013Q1,-0.6246617449987079,17.1635776737607
South Central Coast,2013Q2,0.0737823494240749,15.80443230625166
South Central Coast,2013Q3,0.772351307306266,15.346380041241572
South Central Coast,2013Q4,1.2305155264434446,27.358923714054292
South Central Coast,2014Q1,1.3613141926094066,26.33392272472516
South Central Coast,2014Q2,0.8912197654477414,32.72764992661074
South Central Coast,2014Q3,-0.0284676769036772,23.37948006841554
South Central Coast,2014Q4,-0.4242019145083336,34.150329250695414
South Central Coast,2015Q1,-0.4394194858185304,42.866790148479474
South Central Coast,2015Q2,-1.4863975548383055,25.727459344003297
South Central Coast,2015Q3,-1.668836454625907,20.97188821585602
South Central Coast,2015Q4,-2.037803828237641,14.903836205656678
South Central Coast,2016Q1,-3.0053346431128185,17.509617926124182
South Central Coast,2016Q2,-2.6236554307723656,32.41886627818092
South Central Coast,2016Q3,-1.6831142273768287,15.559226162892122
South Central Coast,2016Q4,-1.082834515389718,17.68214669242567
South Central Coast,2017Q1,-1.116905812400052,8.522871027911805
South Central Coast,2017Q2,-0.8036019141171109,6.486327634293946
South Central Coast,2017Q3,,17.295356423621886
South Central Coast,2017Q4,,20.575055124455027
South Central Coast,2018Q1,,21.285784070620178
South Central Coast,2018Q2,,25.60910983132185
South Central Coast,2018Q3,1.852368607537005,26.357382603518406
South Central Coast,2018Q4,1.3082407768385191,9.207631321578916
South Central Coast,2019Q1,0.6442552469494494,6.37215585597487
South Central Coast,2019Q2,0.3012888260332972,16.66185746829063
South Central Coast,2019Q3,-0.1673779407593481,24.844229651573105
South Central Coast,2019Q4,-0.9864813318541849,18.26259466446532
South Central Coast,2020Q1,-1.4863333163761283,22.892230646324
South Central Coast,2020Q2,-1.2057746763955393,34.123837654832904
South Central Coast,2020Q3,-0.3571552922512909,20.62579095015457
South Central Coast,2020Q4,0.6471445462401335,29.935172647084435
South Central Coast,2021Q1,1.697731183472921,32.845810080772274
South Central Coast,2021Q2,2.1015353844137175,23.631869541794547
South Central Coast,2021Q3,2.697283841846076,20.611324058990657
South Central Coast,2021Q4,4.304766064943401,7.981367287966496
South Central Coast,2022Q1,6.455277758760245,8.333361762588789
South Central Coast,2022Q2,7.474418284183626,8.187805378794057
South Central Coast,2022Q3,7.828035124328365,19.3105004572515
South Central Coast,2022Q4,7.096277510906101,21.853895831546943
South Central Coast,2023Q1,5.977364500850989,12.834235749474818
South Central Coast,2023Q2,5.385772961404448,8.701207208976092
South Central Coast,2023Q3,4.600922387660776,11.55842282819146
South Central Coast,2023Q4,3.603297160833022,10.3035301359387
South Central Coast,2024Q1,2.8209473774923413,14.065074280763708
South Central Coast,2024Q2,2.818743165768691,23.65134978994618
South Central Coast,2024Q3,3.061429896212272,13.982209491772489
South Central Coast,2024Q4,4.807446037831475,12.12926120568441
South Central Coast,2025Q1,7.171027185363465,
South Central Coast,2025Q2,8.390022963111969,
South Central Coast,2025Q3,10.103661638730744,
South Central Coast,2025Q4,11.477076371068184,
Southeast,2000Q1,,25.9450196647678
Southeast,2000Q2,,24.304959331008327
Southeast,2000Q3,,34.61482869000253
Southeast,2000Q4,,30.871049855920173
Southeast,2001Q1,,23.35909690278585
Southeast,2001Q2,,22.089898069709385
Southeast,2001Q3,,20.90530827499471
Southeast,2001Q4,,38.65524851379848
Southeast,2002Q1,,62.43784958731533
Southeast,2002Q2,9.64714226744596,52.80520637150474
Southeast,2002Q3,8.485626098125621,23.765976672853743
Southeast,2002Q4,7.046673110787474,13.092722922295332
Southeast,2003Q1,6.502253786898377,35.059992343561674
Southeast,2003Q2,5.181816255917346,28.793695391667153
Southeast,2003Q3,3.596599545695879,22.152030203176277
Southeast,2003Q4,3.482689164511589,25.396547764041777
Southeast,2004Q1,3.332408539836661,51.31120783641482
Southeast,2004Q2,3.4750754364742753,44.31209925486805
Southeast,2004Q3,2.6143162695402857,22.142791883758616
Southeast,2004Q4,1.3821849926825016,52.23818181979026
Southeast,2005Q1,-0.7444818946040448,80.19911319069043
Southeast,2005Q2,-2.1732834901605034,63.09123847716744
Southeast,2005Q3,-1.850098935537333,28.36343040755422
Southeast,2005Q4,-1.3767065393314188,19.91027621849824
Southeast,2006Q1,-0.7936023693922784,38.20520119799424
Southeast,2006Q2,-0.4454897545392633,35.714031502364016
Southeast,2006Q3,-0.7297038394450018,29.63732213249447
Southeast,2006Q4,-0.9501458908032352,34.169955048041686
Southeast,2007Q1,-0.847991523058985,35.11136263502814
Southeast,2007Q2,-0.9988695784226962,33.07923809478303
Southeast,2007Q3,-0.7746826208972505,31.715962489515206
Southeast,2007Q4,-0.4124702682933523,32.72679633600329
Southeast,2008Q1,-0.0738881976974091,26.197518657121275
Southeast,2008Q2,-0.562032188254531,28.381085365611035
Southeast,2008Q3,-0.4932829385362185,31.423383670651045
Southeast,2008Q4,-0.2521017836590042,26.660860153136067
Southeast,2009Q1,0.005113559461295,18.759475062222528
Southeast,2009Q2,1.102999645688421,17.64510374818407
Southeast,2009Q3,0.6697367806883354,34.58288350479691
Southeast,2009Q4,-0.2818320323281987,35.061128067212785
Southeast,2010Q1,-2.2612464566257664,22.54253120124947
Southeast,2010Q2,-5.030234473214049,25.695394096373683
Southeast,2010Q3,-4.936112841341151,20.98916983400804
Southeast,2010Q4,-4.486696591946711,18.311174863242353
Southeast,2011Q1,-2.4573902931510534,18.093890668116185
Southeast,2011Q2,0.9500262883851672,14.744695665882418
Southeast,2011Q3,1.2768913493230714,20.992311698271937
Southeast,2011Q4,2.0120866596970917,24.896254482673527
Southeast,2012Q1,1.3999109694287128,12.19846112862637
Southeast,2012Q2,-0.7172526274422674,14.82481177769054
Southeast,2012Q3,-1.0925197073024755,19.981369932999876
Southeast,2012Q4,-1.7524566016590188,20.356272629677143
Southeast,2013Q1,-1.776551354117148,22.946310927487076
Southeast,2013Q2,-0.6505593119364921,19.044312158211376
Southeast,2013Q3,0.2784780059574865,24.61180360313732
Southeast,2013Q4,0.6078657979072466,20.71685132084235
Southeast,2014Q1,0.8091624663208723,19.87629235076695
Southeast,2014Q2,0.2310531012507204,20.780186344228184
Southeast,2014Q3,-0.9128925658285236,17.965555517610873
Southeast,2014Q4,-1.3404026183576163,11.96432206343189
Southeast,2015Q1,-1.738490538249868,22.406889274839237
Southeast,2015Q2,-4.136956265624364,9.477681319482254
Southeast,2015Q3,-4.918337231888842,8.23334788083681
Southeast,2015Q4,-5.363639497701053,11.554230870934935
Southeast,2016Q1,-6.439075301419785,17.27077546358298
Southeast,2016Q2,-6.1799988575999105,20.43343111620727
Southeast,2016Q3,-4.879368985346188,11.830865441031044
Southeast,2016Q4,-3.9188489503098505,17.379291334972944
Southeast,2017Q1,-4.077315978969059,9.63754314860614
Southeast,2017Q2,-3.666340424288823,12.396507396079915
Southeast,2017Q3,,19.945915427394137
Southeast,2017Q4,,19.381327858436187
Southeast,2018Q1,,12.406422044337644
Southeast,2018Q2,,19.27722335319782
Southeast,2018Q3,0.4381552045784325,23.844841484023327
Southeast,2018Q4,-0.1552144243308452,24.424109613622548
Southeast,2019Q1,-1.0380047839220967,9.38624247795635
Southeast,2019Q2,-1.0037637997130178,14.141622808745732
Southeast,2019Q3,-1.7613951195748896,18.25738274335505
Southeast,2019Q4,-2.7513902832061583,17.557461210270667
Southeast,2020Q1,-3.7737032533251025,19.60712087916558
Southeast,2020Q2,-4.9014551233805,19.877946771407945
Southeast,2020Q3,-4.579033648658295,19.299849822151128
Southeast,2020Q4,-3.837412237726172,26.98058596600009
Southeast,2021Q1,-3.0527256193625547,14.465126815866569
Southeast,2021Q2,-2.7267823407680893,14.86837107573073
Southeast,2021Q3,-2.1613226911192727,19.13080199643012
Southeast,2021Q4,-1.2655142611398629,24.685843309581127
Southeast,2022Q1,0.6558706301025647,14.113282959141904
Southeast,2022Q2,2.8038437010686197,11.86661498820828
Southeast,2022Q3,3.1786356485470164,44.99279227033766
Southeast,2022Q4,2.8732629412708417,51.312534979100434
Southeast,2023Q1,2.1676443777278274,15.7568587676906
Southeast,2023Q2,1.6444620315234255,15.981118757948078
Southeast,2023Q3,1.2951109848819191,21.776085006930085
Southeast,2023Q4,0.4225419860240981,27.566780082352796
Southeast,2024Q1,-0.494678997931653,21.704064679996502
Southeast,2024Q2,-1.2169511915274245,29.96422949784712
Southeast,2024Q3,-1.4832565518128604,32.66046268486248
Southeast,2024Q4,-0.6258090250903199,23.262042237760287
Southeast,2025Q1,0.3940631137761559,
Southeast,2025Q2,1.3637686493598804,
Southeast,2025Q3,1.784098225328761,
Southeast,2025Q4,2.396428920352039,
