date,commodity,group,rolling_volatility,window_months,usd_price
2020-07,Beans,Pulse,0.075888,6,101.334
2020-08,Beans,Pulse,0.069243,6,100.8321
2020-09,Beans,Pulse,0.068948,6,98.9029
2020-10,Beans,Pulse,0.062768,6,100.4587
2020-11,Beans,Pulse,0.071985,6,93.3485
2020-12,Beans,Pulse,0.07974,6,85.0261
2021-01,Beans,Pulse,0.041457,6,82.1622
2021-02,Beans,Pulse,0.047215,6,84.2478
2021-03,Beans,Pulse,0.047249,6,80.4942
2021-04,Beans,Pulse,0.059325,6,85.6468
2021-05,Beans,Pulse,0.065959,6,76.9201
2021-06,Beans,Pulse,0.080411,6,86.2421
2021-07,Beans,Pulse,0.078473,6,87.8834
2021-08,Beans,Pulse,0.081501,6,93.7733
2021-09,Beans,Pulse,0.077076,6,92.9096
2021-10,Beans,Pulse,0.080771,6,87.6293
2021-11,Beans,Pulse,0.059788,6,88.9026
2021-12,Beans,Pulse,0.040774,6,90.897
2022-01,Beans,Pulse,0.044187,6,87.6223
2022-02,Beans,Pulse,0.032002,6,88.553
2022-03,Beans,Pulse,0.035511,6,84.4612
2022-04,Beans,Pulse,0.221993,6,143.7574
2022-05,Beans,Pulse,0.226716,6,137.6897
2022-06,Beans,Pulse,0.228178,6,137.0474
2022-07,Beans,Pulse,0.22636,6,166.4091
2022-08,Beans,Pulse,0.225745,6,169.4364
2022-09,Beans,Pulse,0.243477,6,145.5679
2022-10,Beans,Pulse,0.165558,6,108.2976
2022-11,Beans,Pulse,0.16582,6,100.8351
2022-12,Beans,Pulse,0.196679,6,123.6332
2023-01,Beans,Pulse,0.187204,6,94.8057
2023-02,Beans,Pulse,0.2011,6,105.651
2023-03,Beans,Pulse,0.199419,6,105.2703
2023-04,Beans,Pulse,0.163771,6,96.5857
2023-05,Beans,Pulse,0.162061,6,98.1298
2023-06,Beans,Pulse,0.126856,6,97.3881
2023-07,Beans,Pulse,0.062955,6,100.3261
2023-09,Beans,Pulse,0.098195,6,123.6582
2023-10,Beans,Pulse,0.139018,6,100.0861
2023-11,Beans,Pulse,0.145196,6,87.7502
2023-12,Beans,Pulse,0.160053,6,101.6422
2024-01,Beans,Pulse,0.160867,6,106.9947
2024-02,Beans,Pulse,0.16124,6,111.8696
2024-03,Beans,Pulse,0.131332,6,109.6905
2024-05,Beans,Pulse,0.093172,6,115.9996
2024-06,Beans,Pulse,0.053254,6,121.9661
2024-07,Beans,Pulse,0.030169,6,123.2941
2024-08,Beans,Pulse,0.272269,6,65.3477
2024-09,Beans,Pulse,0.468503,6,151.171
2020-02,Chickpeas,Pulse,2.134618,6,91.9015
2020-03,Chickpeas,Pulse,2.149448,6,79.0856
2020-04,Chickpeas,Pulse,2.120765,6,81.9787
2020-05,Chickpeas,Pulse,2.133035,6,87.9594
2020-06,Chickpeas,Pulse,2.131481,6,83.0297
2020-07,Chickpeas,Pulse,0.084071,6,83.7198
2020-08,Chickpeas,Pulse,0.088941,6,91.2201
2020-09,Chickpeas,Pulse,0.05165,6,95.9616
2020-10,Chickpeas,Pulse,0.075527,6,86.5216
2020-11,Chickpeas,Pulse,0.0723,6,81.9727
2020-12,Chickpeas,Pulse,0.069676,6,79.4799
2021-01,Chickpeas,Pulse,0.074964,6,84.3842
2021-02,Chickpeas,Pulse,0.062527,6,83.4258
2021-03,Chickpeas,Pulse,0.05671,6,84.8586
2021-04,Chickpeas,Pulse,0.041631,6,87.2972
2021-05,Chickpeas,Pulse,0.039174,6,83.509
2021-06,Chickpeas,Pulse,0.035668,6,85.1348
2021-07,Chickpeas,Pulse,0.0385,6,91.2955
2021-08,Chickpeas,Pulse,0.04749,6,100.1159
2021-09,Chickpeas,Pulse,0.05171,6,98.1773
2021-10,Chickpeas,Pulse,0.051674,6,100.4042
2021-11,Chickpeas,Pulse,0.045916,6,98.4227
2021-12,Chickpeas,Pulse,0.04629,6,103.0928
2022-03,Chickpeas,Pulse,0.113668,6,81.5805
2022-04,Chickpeas,Pulse,0.101604,6,82.0269
2022-05,Chickpeas,Pulse,0.102973,6,82.7027
2022-06,Chickpeas,Pulse,0.122877,6,94.7963
2022-07,Chickpeas,Pulse,0.128895,6,85.4619
2022-08,Chickpeas,Pulse,0.126909,6,77.2785
2022-09,Chickpeas,Pulse,0.094476,6,82.9859
2022-10,Chickpeas,Pulse,0.09992,6,90.0835
2022-11,Chickpeas,Pulse,0.103238,6,97.7153
2022-12,Chickpeas,Pulse,0.092555,6,91.9609
2023-01,Chickpeas,Pulse,0.079586,6,95.6407
2023-02,Chickpeas,Pulse,0.071479,6,88.98
2023-03,Chickpeas,Pulse,0.068712,6,93.0646
2023-04,Chickpeas,Pulse,0.071375,6,85.6834
2023-06,Chickpeas,Pulse,0.066643,6,91.0944
2023-07,Chickpeas,Pulse,0.068051,6,84.9626
2023-09,Chickpeas,Pulse,0.081725,6,94.2541
2023-10,Chickpeas,Pulse,0.083785,6,86.6929
2023-11,Chickpeas,Pulse,0.093951,6,96.3413
2023-12,Chickpeas,Pulse,0.11066,6,117.8693
2024-01,Chickpeas,Pulse,0.134543,6,102.8644
2024-02,Chickpeas,Pulse,0.127172,6,107.7858
2024-03,Chickpeas,Pulse,0.124168,6,114.9248
2024-05,Chickpeas,Pulse,0.123275,6,106.2158
2024-06,Chickpeas,Pulse,0.166395,6,144.3066
2024-07,Chickpeas,Pulse,0.170613,6,124.7891
2024-08,Chickpeas,Pulse,0.33765,6,62.2062
2024-09,Chickpeas,Pulse,0.339279,6,66.4901
2014-07,Lentils,Pulse,0.063897,6,0.9695
2014-08,Lentils,Pulse,0.057214,6,1.0446
2014-09,Lentils,Pulse,0.219383,6,0.6583
2014-10,Lentils,Pulse,0.261303,6,0.9194
2014-11,Lentils,Pulse,0.258169,6,0.9682
2014-12,Lentils,Pulse,0.260438,6,0.8914
2015-01,Lentils,Pulse,0.262976,6,0.798
2015-02,Lentils,Pulse,0.27497,6,0.9565
2015-03,Lentils,Pulse,0.214563,6,0.7394
2015-05,Lentils,Pulse,0.298299,6,1.3327
2020-01,Lentils,Pulse,1.95889,6,162.9483
2020-02,Lentils,Pulse,1.9412,6,183.6562
2020-03,Lentils,Pulse,1.938369,6,169.0505
2020-04,Lentils,Pulse,1.951896,6,171.2329
2020-05,Lentils,Pulse,1.929124,6,163.9453
2020-06,Lentils,Pulse,1.977174,6,139.3541
2020-07,Lentils,Pulse,0.11247,6,156.7588
2020-08,Lentils,Pulse,0.09855,6,163.3063
2020-09,Lentils,Pulse,0.09394,6,165.6347
2020-10,Lentils,Pulse,0.096261,6,155.7271
2020-11,Lentils,Pulse,0.09588,6,150.2148
2020-12,Lentils,Pulse,0.063023,6,150.4096
2021-01,Lentils,Pulse,0.038693,6,144.4877
2021-02,Lentils,Pulse,0.048831,6,155.508
2021-03,Lentils,Pulse,0.058401,6,141.3401
2021-04,Lentils,Pulse,0.082151,6,160.6917
2021-05,Lentils,Pulse,0.085803,6,150.6045
2021-06,Lentils,Pulse,0.091367,6,162.6873
2021-07,Lentils,Pulse,0.087594,6,167.5303
2021-08,Lentils,Pulse,0.086986,6,161.2826
2021-09,Lentils,Pulse,0.076394,6,177.0629
2021-10,Lentils,Pulse,0.071095,6,165.871
2021-11,Lentils,Pulse,0.06257,6,166.4914
2021-12,Lentils,Pulse,0.063023,6,180.2651
2022-01,Lentils,Pulse,0.062768,6,182.0399
2022-02,Lentils,Pulse,0.062555,6,198.2161
2022-03,Lentils,Pulse,0.066707,6,221.9927
2022-04,Lentils,Pulse,0.052223,6,219.3499
2022-05,Lentils,Pulse,0.050977,6,242.0321
2022-06,Lentils,Pulse,0.054306,6,244.1398
2022-07,Lentils,Pulse,0.062558,6,236.5155
2022-08,Lentils,Pulse,0.060291,6,238.1505
2022-09,Lentils,Pulse,0.046281,6,234.4239
2022-10,Lentils,Pulse,0.046271,6,243.6134
2022-11,Lentils,Pulse,0.034302,6,259.1054
2022-12,Lentils,Pulse,0.050417,6,239.5041
2023-01,Lentils,Pulse,0.058045,6,259.6717
2023-02,Lentils,Pulse,0.08918,6,223.7553
2023-03,Lentils,Pulse,0.090061,6,228.761
2023-04,Lentils,Pulse,0.087939,6,230.0929
2023-05,Lentils,Pulse,0.085195,6,240.1807
2023-06,Lentils,Pulse,0.092944,6,213.0004
2023-07,Lentils,Pulse,0.089024,6,226.5203
2023-09,Lentils,Pulse,0.067779,6,239.6633
2023-10,Lentils,Pulse,0.070052,6,231.2123
2023-11,Lentils,Pulse,0.074647,6,246.5711
2023-12,Lentils,Pulse,0.081259,6,227.171
2024-01,Lentils,Pulse,0.060805,6,233.7761
2024-02,Lentils,Pulse,0.05649,6,234.3829
2024-03,Lentils,Pulse,0.052014,6,239.9912
2024-04,Lentils,Pulse,0.050466,6,234.5353
2024-05,Lentils,Pulse,0.047508,6,246.9343
2024-06,Lentils,Pulse,0.026035,6,255.1148
2024-07,Lentils,Pulse,0.031484,6,248.2411
2024-08,Lentils,Pulse,0.27026,6,130.1044
2024-09,Lentils,Pulse,0.444369,6,276.4898
2003-06,Maize,Cereal,0.181988,24,18.931
2003-07,Maize,Cereal,0.182112,24,18.1352
2003-08,Maize,Cereal,0.181959,24,18.1275
2003-10,Maize,Cereal,0.191554,24,13.5843
2003-12,Maize,Cereal,0.196184,24,10.9425
2004-01,Maize,Cereal,0.196697,24,11.6214
2004-03,Maize,Cereal,0.201582,24,14.2814
2004-04,Maize,Cereal,0.201598,24,13.9273
2004-05,Maize,Cereal,0.200865,24,13.6416
2004-06,Maize,Cereal,0.180036,24,14.521
2004-07,Maize,Cereal,0.180084,24,15.1852
2004-08,Maize,Cereal,0.166566,24,15.537
2004-09,Maize,Cereal,0.1639,24,15.4861
2004-10,Maize,Cereal,0.16269,24,16.6071
2004-11,Maize,Cereal,0.162586,24,15.4464
2004-12,Maize,Cereal,0.16303,24,14.6358
2005-03,Maize,Cereal,0.162868,24,15.7044
2005-08,Maize,Cereal,0.16838,24,21.3018
2005-09,Maize,Cereal,0.170107,24,19.8385
2005-10,Maize,Cereal,0.132835,24,18.2133
2005-11,Maize,Cereal,0.130751,24,16.7051
2005-12,Maize,Cereal,0.13078,24,16.5899
2006-02,Maize,Cereal,0.131063,24,17.5115
2006-03,Maize,Cereal,0.128302,24,17.8359
2006-07,Maize,Cereal,0.120499,24,20.1243
2006-08,Maize,Cereal,0.120116,24,20.3448
2006-09,Maize,Cereal,0.120158,24,20.1149
2006-10,Maize,Cereal,0.104498,24,18.6144
2006-11,Maize,Cereal,0.092443,24,18.7141
2006-12,Maize,Cereal,0.092411,24,18.4
2007-02,Maize,Cereal,0.08579,24,16.8552
2007-04,Maize,Cereal,0.08875,24,19.091
2007-06,Maize,Cereal,0.089505,24,20.7127
2007-07,Maize,Cereal,0.088996,24,21.1493
2007-08,Maize,Cereal,0.092235,24,24.2525
2007-10,Maize,Cereal,0.093908,24,22.677
2007-12,Maize,Cereal,0.094271,24,22.0397
2008-01,Maize,Cereal,0.103657,24,27.7717
2008-02,Maize,Cereal,0.102124,24,29.8004
2008-03,Maize,Cereal,0.102139,24,33.4712
2008-04,Maize,Cereal,0.102863,24,37.1188
2008-05,Maize,Cereal,0.090999,24,44.3396
2008-07,Maize,Cereal,0.09909,24,57.1872
2008-08,Maize,Cereal,0.095268,24,61.4035
2008-11,Maize,Cereal,0.122589,24,43.3778
2009-01,Maize,Cereal,0.132246,24,35.2998
2009-03,Maize,Cereal,0.136225,24,30.9543
2009-04,Maize,Cereal,0.139485,24,27.3713
2009-10,Maize,Cereal,0.138348,24,26.0524
2009-12,Maize,Cereal,0.139743,24,23.9113
2010-01,Maize,Cereal,0.13981,24,24.783
2010-02,Maize,Cereal,0.146713,24,19.8238
2010-03,Maize,Cereal,0.146712,24,19.8507
2010-05,Maize,Cereal,0.14666,24,20.0468
2010-11,Maize,Cereal,0.160124,24,14.5366
2010-12,Maize,Cereal,0.15816,24,15.2542
2011-01,Maize,Cereal,0.157086,24,15.504
2011-02,Maize,Cereal,0.157344,24,16.1756
2011-03,Maize,Cereal,0.159498,24,19.4245
2011-04,Maize,Cereal,0.164159,24,23.5574
2011-06,Maize,Cereal,0.165827,24,26.6153
2011-09,Maize,Cereal,0.172624,24,36.9871
2011-11,Maize,Cereal,0.188351,24,25.6827
2012-01,Maize,Cereal,0.186585,24,24.8792
2012-02,Maize,Cereal,0.187154,24,28.134
2012-05,Maize,Cereal,0.182817,24,26.9669
2012-06,Maize,Cereal,0.174745,24,29.2752
2012-07,Maize,Cereal,0.173555,24,29.1222
2012-08,Maize,Cereal,0.159953,24,28.9871
2012-10,Maize,Cereal,0.155105,24,30.1667
2012-11,Maize,Cereal,0.153352,24,32.0974
2012-12,Maize,Cereal,0.159396,24,25.184
2013-01,Maize,Cereal,0.159172,24,25.7627
2013-02,Maize,Cereal,0.158132,24,25.8029
2013-04,Maize,Cereal,0.158162,24,26.8293
2013-05,Maize,Cereal,0.150699,24,27.8467
2013-06,Maize,Cereal,0.15239,24,31.5993
2013-07,Maize,Cereal,0.152598,24,30.9588
2013-08,Maize,Cereal,0.135034,24,34.1515
2013-09,Maize,Cereal,0.135439,24,37.2921
2013-12,Maize,Cereal,0.165774,24,24.2433
2014-01,Maize,Cereal,0.165808,24,25.4193
2014-02,Maize,Cereal,0.162464,24,24.3456
2014-03,Maize,Cereal,0.157782,24,25.0252
2014-05,Maize,Cereal,0.156088,24,26.3131
2014-06,Maize,Cereal,0.139677,24,27.0382
2014-07,Maize,Cereal,0.117943,24,27.5756
2014-08,Maize,Cereal,0.118176,24,26.3131
2014-09,Maize,Cereal,0.11535,24,26.2328
2014-12,Maize,Cereal,0.115212,24,25.4135
2015-01,Maize,Cereal,0.11579,24,22.7431
2015-03,Maize,Cereal,0.115999,24,21.7369
2015-04,Maize,Cereal,0.11599,24,21.3916
2015-05,Maize,Cereal,0.115486,24,21.3793
2015-06,Maize,Cereal,0.120428,24,25.2812
2015-07,Maize,Cereal,0.10978,24,25.0486
2015-08,Maize,Cereal,0.111141,24,22.9047
2015-09,Maize,Cereal,0.111133,24,22.8337
2016-02,Maize,Cereal,0.111136,24,21.6509
2016-03,Maize,Cereal,0.11076,24,21.8009
2016-04,Maize,Cereal,0.106908,24,21.7575
2016-09,Maize,Cereal,0.114578,24,26.222
2016-10,Maize,Cereal,0.112407,24,25.5624
2016-12,Maize,Cereal,0.116487,24,20.9511
2017-01,Maize,Cereal,0.077904,24,20.9191
2017-02,Maize,Cereal,0.078243,24,22.1634
2017-03,Maize,Cereal,0.08765,24,26.8908
2017-04,Maize,Cereal,0.087636,24,26.355
2017-06,Maize,Cereal,0.094317,24,31.492
2017-10,Maize,Cereal,0.094247,24,31.3771
2017-11,Maize,Cereal,0.120451,24,21.845
2018-01,Maize,Cereal,0.121828,24,23.8883
2018-02,Maize,Cereal,0.122004,24,24.5685
2018-03,Maize,Cereal,0.121848,24,24.495
2018-04,Maize,Cereal,0.119597,24,24.5083
2018-07,Maize,Cereal,0.121117,24,27.4031
2018-09,Maize,Cereal,0.123244,24,24.6941
2018-10,Maize,Cereal,0.123514,24,23.8612
2018-11,Maize,Cereal,0.119857,24,25.9679
2019-01,Maize,Cereal,0.121124,24,23.8588
2019-02,Maize,Cereal,0.119738,24,24.3324
2019-04,Maize,Cereal,0.125951,24,29.5494
2019-05,Maize,Cereal,0.125325,24,29.1852
2019-07,Maize,Cereal,0.129328,24,34.5657
2019-08,Maize,Cereal,0.129617,24,36.9972
2019-09,Maize,Cereal,0.124925,24,38.6348
2019-10,Maize,Cereal,0.124611,24,39.4521
2019-11,Maize,Cereal,0.12311,24,33.0096
2019-12,Maize,Cereal,0.135632,24,25.4562
2020-02,Maize,Cereal,0.144264,24,32.7625
2020-03,Maize,Cereal,0.140822,24,29.8144
2020-04,Maize,Cereal,0.140729,24,30.1065
2020-05,Maize,Cereal,0.135858,24,29.7879
2020-06,Maize,Cereal,0.140382,24,35.3411
2020-07,Maize,Cereal,0.121351,24,42.5534
2020-08,Maize,Cereal,0.12383,24,38.0547
2020-09,Maize,Cereal,0.126878,24,33.863
2020-12,Maize,Cereal,0.131483,24,28.9787
2021-01,Maize,Cereal,0.132323,24,27.1294
2021-02,Maize,Cereal,0.130601,24,28.2581
2021-03,Maize,Cereal,0.129586,24,30.6631
2021-04,Maize,Cereal,0.129291,24,30.5476
2021-06,Maize,Cereal,0.129971,24,34.0401
2021-07,Maize,Cereal,0.138725,24,44.7386
2021-08,Maize,Cereal,0.139471,24,49.3151
2021-09,Maize,Cereal,0.13561,24,53.7546
2021-10,Maize,Cereal,0.136788,24,50.1463
2020-09,Peas,Pulse,0.009491,6,114.3835
2020-10,Peas,Pulse,0.020703,6,111.0513
2020-11,Peas,Pulse,0.022643,6,109.1482
2020-12,Peas,Pulse,0.053191,6,96.9544
2021-01,Peas,Pulse,0.055975,6,99.6144
2021-02,Peas,Pulse,0.057559,6,92.9796
2021-03,Peas,Pulse,0.059261,6,96.7217
2021-04,Peas,Pulse,0.059366,6,94.9232
2021-06,Peas,Pulse,0.064177,6,98.0814
2021-07,Peas,Pulse,0.041208,6,97.5256
2021-08,Peas,Pulse,0.040355,6,99.4437
2021-09,Peas,Pulse,0.023157,6,99.2687
2021-10,Peas,Pulse,0.038575,6,91.8407
2002-03,Sorghum,Cereal,0.181952,24,14.055
2002-04,Sorghum,Cereal,0.189963,24,10.4665
2002-05,Sorghum,Cereal,0.189824,24,10.5201
2002-06,Sorghum,Cereal,0.207905,24,15.4689
2002-07,Sorghum,Cereal,0.207128,24,14.6837
2002-08,Sorghum,Cereal,0.225041,24,22.0482
2002-09,Sorghum,Cereal,0.225055,24,21.1464
2002-10,Sorghum,Cereal,0.225047,24,20.5189
2002-11,Sorghum,Cereal,0.2343,24,14.7406
2002-12,Sorghum,Cereal,0.240614,24,18.8484
2003-01,Sorghum,Cereal,0.240312,24,19.7229
2003-03,Sorghum,Cereal,0.238655,24,18.8521
2003-04,Sorghum,Cereal,0.238738,24,19.8042
2003-05,Sorghum,Cereal,0.238316,24,19.3992
2003-07,Sorghum,Cereal,0.226847,24,21.7681
2003-08,Sorghum,Cereal,0.229752,24,26.7265
2003-09,Sorghum,Cereal,0.228237,24,26.7165
2003-10,Sorghum,Cereal,0.228698,24,25.6593
2003-11,Sorghum,Cereal,0.227999,24,23.9355
2003-12,Sorghum,Cereal,0.254919,24,13.9048
2004-01,Sorghum,Cereal,0.249222,24,15.5839
2004-02,Sorghum,Cereal,0.24389,24,15.1462
2004-03,Sorghum,Cereal,0.221398,24,17.8144
2004-05,Sorghum,Cereal,0.217235,24,15.4228
2004-06,Sorghum,Cereal,0.208961,24,14.521
2004-07,Sorghum,Cereal,0.207121,24,19.4444
2004-08,Sorghum,Cereal,0.20823,24,17.9384
2004-09,Sorghum,Cereal,0.194468,24,20.0231
2004-10,Sorghum,Cereal,0.194121,24,19.6429
2004-11,Sorghum,Cereal,0.175007,24,19.494
2004-12,Sorghum,Cereal,0.175008,24,18.6937
2005-01,Sorghum,Cereal,0.175999,24,16.9308
2005-02,Sorghum,Cereal,0.162135,24,17.5519
2005-03,Sorghum,Cereal,0.15478,24,18.9088
2005-04,Sorghum,Cereal,0.158754,24,22.5797
2005-05,Sorghum,Cereal,0.15873,24,23.9545
2005-06,Sorghum,Cereal,0.159252,24,22.4018
2005-07,Sorghum,Cereal,0.164162,24,27.4524
2005-08,Sorghum,Cereal,0.162952,24,28.8462
2005-09,Sorghum,Cereal,0.161265,24,24.5098
2005-10,Sorghum,Cereal,0.162218,24,26.6139
2005-11,Sorghum,Cereal,0.163718,24,23.7327
2005-12,Sorghum,Cereal,0.1634,24,24.8848
2006-01,Sorghum,Cereal,0.116578,24,27.9881
2006-02,Sorghum,Cereal,0.116357,24,26.4688
2006-03,Sorghum,Cereal,0.121258,24,22.7587
2006-04,Sorghum,Cereal,0.117587,24,22.0104
2006-05,Sorghum,Cereal,0.11348,24,23.5472
2006-06,Sorghum,Cereal,0.11313,24,25.7537
2006-07,Sorghum,Cereal,0.097838,24,26.8324
2006-08,Sorghum,Cereal,0.096366,24,28.7805
2006-09,Sorghum,Cereal,0.098195,24,33.3621
2006-10,Sorghum,Cereal,0.111754,24,26.198
2006-11,Sorghum,Cereal,0.114341,24,29.9273
2006-12,Sorghum,Cereal,0.122031,24,37.9857
2007-01,Sorghum,Cereal,0.132295,24,29.6168
2007-02,Sorghum,Cereal,0.132495,24,29.1667
2007-03,Sorghum,Cereal,0.135399,24,25.6448
2007-04,Sorghum,Cereal,0.133252,24,29.2295
2007-05,Sorghum,Cereal,0.140671,24,36.9798
2007-06,Sorghum,Cereal,0.146538,24,30.3359
2007-07,Sorghum,Cereal,0.140855,24,31.0734
2007-08,Sorghum,Cereal,0.141168,24,33.278
2007-09,Sorghum,Cereal,0.140994,24,40.0857
2007-10,Sorghum,Cereal,0.143887,24,34.9557
2007-11,Sorghum,Cereal,0.141502,24,36.6519
2007-12,Sorghum,Cereal,0.143427,24,33.1006
2008-01,Sorghum,Cereal,0.141652,24,33.4239
2008-02,Sorghum,Cereal,0.141367,24,35.4638
2008-03,Sorghum,Cereal,0.138657,24,40.1123
2008-04,Sorghum,Cereal,0.140529,24,46.7403
2008-05,Sorghum,Cereal,0.145949,24,58.6216
2008-06,Sorghum,Cereal,0.146832,24,66.8373
2008-07,Sorghum,Cereal,0.146839,24,70.062
2008-08,Sorghum,Cereal,0.146707,24,73.366
2008-09,Sorghum,Cereal,0.144912,24,74.6044
2008-10,Sorghum,Cereal,0.133047,24,73.6842
2008-11,Sorghum,Cereal,0.132482,24,71.2876
2008-12,Sorghum,Cereal,0.126522,24,67.1859
2009-01,Sorghum,Cereal,0.114945,24,61.8956
2009-02,Sorghum,Cereal,0.138506,24,43.6652
2009-03,Sorghum,Cereal,0.135897,24,48.2439
2009-04,Sorghum,Cereal,0.136499,24,55.9169
2009-05,Sorghum,Cereal,0.133865,24,47.8644
2009-06,Sorghum,Cereal,0.126672,24,46.4456
2009-08,Sorghum,Cereal,0.126765,24,48.4442
2009-09,Sorghum,Cereal,0.126723,24,46.8551
2009-10,Sorghum,Cereal,0.133138,24,36.0603
2009-11,Sorghum,Cereal,0.130252,24,37.197
2009-12,Sorghum,Cereal,0.130105,24,38.5666
2010-01,Sorghum,Cereal,0.128251,24,39.4949
2010-02,Sorghum,Cereal,0.13215,24,34.0328
2010-03,Sorghum,Cereal,0.132044,24,35.9018
2010-04,Sorghum,Cereal,0.12947,24,35.1932
2010-05,Sorghum,Cereal,0.153148,24,22.534
2010-06,Sorghum,Cereal,0.187915,24,39.2712
2010-07,Sorghum,Cereal,0.186824,24,34.0936
2010-08,Sorghum,Cereal,0.188805,24,28.2991
2010-09,Sorghum,Cereal,0.193341,24,33.8977
2010-10,Sorghum,Cereal,0.193292,24,34.3104
2010-11,Sorghum,Cereal,0.201983,24,24.8865
2010-12,Sorghum,Cereal,0.216357,24,34.767
2011-01,Sorghum,Cereal,0.221209,24,26.903
2011-02,Sorghum,Cereal,0.221363,24,24.4077
2011-03,Sorghum,Cereal,0.211294,24,23.4952
2011-04,Sorghum,Cereal,0.212693,24,27.1862
2011-05,Sorghum,Cereal,0.209654,24,27.2838
2011-06,Sorghum,Cereal,0.211654,24,32.3059
2011-07,Sorghum,Cereal,0.211702,24,32.6491
2011-08,Sorghum,Cereal,0.212556,24,35.8431
2011-09,Sorghum,Cereal,0.214756,24,41.2349
2011-10,Sorghum,Cereal,0.211031,24,34.5297
2011-11,Sorghum,Cereal,0.211006,24,35.4767
2011-12,Sorghum,Cereal,0.217823,24,27.0423
2012-01,Sorghum,Cereal,0.222829,24,33.5999
2012-02,Sorghum,Cereal,0.226647,24,43.1774
2012-03,Sorghum,Cereal,0.228681,24,37.2441
2012-04,Sorghum,Cereal,0.231096,24,44.0236
2012-05,Sorghum,Cereal,0.211825,24,39.2475
2012-06,Sorghum,Cereal,0.178926,24,39.5243
2012-07,Sorghum,Cereal,0.179286,24,33.9684
2012-08,Sorghum,Cereal,0.181257,24,43.2681
2012-09,Sorghum,Cereal,0.17867,24,47.4068
2012-10,Sorghum,Cereal,0.178746,24,46.8565
2012-11,Sorghum,Cereal,0.164037,24,47.0614
2012-12,Sorghum,Cereal,0.151325,24,51.8285
2013-01,Sorghum,Cereal,0.139971,24,51.1044
2013-02,Sorghum,Cereal,0.154184,24,37.4796
2013-03,Sorghum,Cereal,0.153832,24,37.1748
2013-04,Sorghum,Cereal,0.157483,24,46.565
2013-05,Sorghum,Cereal,0.158927,24,42.8422
2013-06,Sorghum,Cereal,0.155677,24,43.2698
2013-07,Sorghum,Cereal,0.157465,24,49.1876
2013-08,Sorghum,Cereal,0.156627,24,50.0711
2013-09,Sorghum,Cereal,0.155724,24,55.9647
2013-10,Sorghum,Cereal,0.150592,24,59.5225
2013-11,Sorghum,Cereal,0.150723,24,59.0069
2013-12,Sorghum,Cereal,0.152923,24,43.8589
2014-01,Sorghum,Cereal,0.149449,24,38.9413
2014-02,Sorghum,Cereal,0.14189,24,34.6938
2014-03,Sorghum,Cereal,0.142303,24,29.646
2014-04,Sorghum,Cereal,0.148494,24,38.4754
2014-05,Sorghum,Cereal,0.146767,24,39.5125
2014-06,Sorghum,Cereal,0.148215,24,43.7323
2014-07,Sorghum,Cereal,0.145338,24,40.885
2014-08,Sorghum,Cereal,0.137173,24,38.1693
2014-09,Sorghum,Cereal,0.135655,24,37.2649
2014-10,Sorghum,Cereal,0.135992,24,38.6674
2014-11,Sorghum,Cereal,0.136239,24,36.7541
2014-12,Sorghum,Cereal,0.13492,24,34.035
2015-01,Sorghum,Cereal,0.136922,24,37.4896
2015-02,Sorghum,Cereal,0.124082,24,33.0724
2015-03,Sorghum,Cereal,0.12418,24,32.1125
2015-04,Sorghum,Cereal,0.114002,24,31.3126
2015-05,Sorghum,Cereal,0.115594,24,34.7139
2015-06,Sorghum,Cereal,0.133159,24,24.8572
2015-07,Sorghum,Cereal,0.170206,24,41.5248
2015-08,Sorghum,Cereal,0.171661,24,36.8134
2015-10,Sorghum,Cereal,0.169729,24,35.0575
2015-11,Sorghum,Cereal,0.171865,24,40.0877
2015-12,Sorghum,Cereal,0.172042,24,40.9882
2016-01,Sorghum,Cereal,0.161263,24,41.1722
2016-02,Sorghum,Cereal,0.159521,24,39.8035
2016-03,Sorghum,Cereal,0.161194,24,47.2829
2016-04,Sorghum,Cereal,0.157092,24,48.9152
2016-05,Sorghum,Cereal,0.163646,24,35.3133
2016-06,Sorghum,Cereal,0.175675,24,48.132
2016-07,Sorghum,Cereal,0.188552,24,34.0826
2016-08,Sorghum,Cereal,0.202025,24,48.4817
2016-09,Sorghum,Cereal,0.205708,24,39.8812
2016-11,Sorghum,Cereal,0.20573,24,38.7889
2016-12,Sorghum,Cereal,0.207765,24,33.4977
2017-01,Sorghum,Cereal,0.207632,24,34.3533
2017-02,Sorghum,Cereal,0.209716,24,40.4857
2017-03,Sorghum,Cereal,0.233955,24,24.234
2017-04,Sorghum,Cereal,0.239215,24,31.2811
2017-05,Sorghum,Cereal,0.246903,24,42.2114
2017-06,Sorghum,Cereal,0.252403,24,32.9871
2017-07,Sorghum,Cereal,0.253241,24,38.0812
2017-08,Sorghum,Cereal,0.244448,24,44.5697
2017-09,Sorghum,Cereal,0.222932,24,38.9764
2017-10,Sorghum,Cereal,0.221626,24,40.4393
2017-12,Sorghum,Cereal,0.226336,24,32.2766
2018-01,Sorghum,Cereal,0.224521,24,32.975
2018-02,Sorghum,Cereal,0.224481,24,33.4557
2018-03,Sorghum,Cereal,0.224469,24,32.9263
2018-04,Sorghum,Cereal,0.229618,24,41.4424
2018-05,Sorghum,Cereal,0.234424,24,30.7754
2018-06,Sorghum,Cereal,0.236102,24,34.9693
2018-07,Sorghum,Cereal,0.22659,24,35.5147
2018-09,Sorghum,Cereal,0.220038,24,42.1498
2018-10,Sorghum,Cereal,0.208417,24,45.9966
2018-11,Sorghum,Cereal,0.196827,24,40.931
2018-12,Sorghum,Cereal,0.205813,24,28.7574
2019-01,Sorghum,Cereal,0.243025,24,53.4738
2019-02,Sorghum,Cereal,0.279321,24,27.2382
2019-03,Sorghum,Cereal,0.311305,24,52.9202
2019-04,Sorghum,Cereal,0.315264,24,40.1502
2019-05,Sorghum,Cereal,0.301217,24,54.3175
2019-07,Sorghum,Cereal,0.300136,24,45.797
2019-08,Sorghum,Cereal,0.294646,24,50.6203
2019-09,Sorghum,Cereal,0.289843,24,54.4492
2019-10,Sorghum,Cereal,0.288689,24,54.2508
2019-11,Sorghum,Cereal,0.287252,24,57.3909
2020-01,Sorghum,Cereal,0.289162,24,46.7538
2020-02,Sorghum,Cereal,0.289116,24,47.8615
2020-03,Sorghum,Cereal,0.286471,24,41.9322
2020-04,Sorghum,Cereal,0.289555,24,52.1055
2020-06,Sorghum,Cereal,0.289636,24,51.3498
2020-07,Sorghum,Cereal,0.299525,24,35.9589
2020-08,Sorghum,Cereal,0.295646,24,36.4406
2020-10,Sorghum,Cereal,0.29721,24,51.5474
2020-11,Sorghum,Cereal,0.296762,24,48.546
2020-12,Sorghum,Cereal,0.304143,24,35.5106
2021-01,Sorghum,Cereal,0.302023,24,36.4353
2021-02,Sorghum,Cereal,0.307204,24,48.2985
2021-03,Sorghum,Cereal,0.306164,24,48.9401
2021-04,Sorghum,Cereal,0.298572,24,41.9669
2021-05,Sorghum,Cereal,0.27713,24,57.1238
2021-06,Sorghum,Cereal,0.23681,24,56.2918
2021-07,Sorghum,Cereal,0.197336,24,66.3712
2021-08,Sorghum,Cereal,0.195216,24,88.1901
2021-09,Sorghum,Cereal,0.189889,24,75.7877
2021-10,Sorghum,Cereal,0.185926,24,74.6914
2002-10,Teff,Cereal,0.065898,24,21.4623
2002-11,Teff,Cereal,0.06815,24,23.1427
2003-01,Teff,Cereal,0.075631,24,26.8675
2003-02,Teff,Cereal,0.076846,24,24.8995
2003-03,Teff,Cereal,0.076926,24,24.2623
2003-04,Teff,Cereal,0.077444,24,25.4518
2003-06,Teff,Cereal,0.078297,24,26.8989
2003-07,Teff,Cereal,0.075135,24,28.3654
2003-08,Teff,Cereal,0.073839,24,29.1958
2003-09,Teff,Cereal,0.072466,24,29.4753
2003-10,Teff,Cereal,0.072407,24,27.8653
2003-11,Teff,Cereal,0.072088,24,27.4171
2004-01,Teff,Cereal,0.076242,24,24.5234
2004-02,Teff,Cereal,0.071407,24,25.0745
2004-03,Teff,Cereal,0.064999,24,26.7066
2004-05,Teff,Cereal,0.063461,24,27.8045
2004-06,Teff,Cereal,0.062044,24,29.491
2004-07,Teff,Cereal,0.061904,24,29.0509
2004-09,Teff,Cereal,0.057563,24,29.3981
2004-10,Teff,Cereal,0.055236,24,30.506
2004-11,Teff,Cereal,0.054217,24,30.3571
2005-01,Teff,Cereal,0.055867,24,28.4588
2005-02,Teff,Cereal,0.055897,24,28.4353
2005-03,Teff,Cereal,0.056001,24,28.291
2005-04,Teff,Cereal,0.055789,24,28.778
2005-05,Teff,Cereal,0.054823,24,30.3039
2005-06,Teff,Cereal,0.046518,24,31.1778
2005-07,Teff,Cereal,0.043373,24,32.2533
2005-08,Teff,Cereal,0.042668,24,32.5444
2005-09,Teff,Cereal,0.042226,24,32.1799
2005-10,Teff,Cereal,0.041947,24,31.1241
2005-11,Teff,Cereal,0.040934,24,31.8744
2005-12,Teff,Cereal,0.040795,24,32.6037
2006-01,Teff,Cereal,0.041471,24,33.9773
2006-02,Teff,Cereal,0.039647,24,33.4101
2006-05,Teff,Cereal,0.050214,24,39.2693
2006-06,Teff,Cereal,0.042401,24,40.3913
2006-07,Teff,Cereal,0.0424,24,41.2065
2006-09,Teff,Cereal,0.048281,24,47.4138
2006-10,Teff,Cereal,0.049718,24,45.6741
2006-11,Teff,Cereal,0.049079,24,46.9575
2006-12,Teff,Cereal,0.048892,24,46.5714
2007-01,Teff,Cereal,0.050612,24,44.5402
2007-02,Teff,Cereal,0.050529,24,45.9559
2007-03,Teff,Cereal,0.050496,24,45.8145
2007-04,Teff,Cereal,0.048366,24,44.6209
2007-05,Teff,Cereal,0.048202,24,45.7788
2007-06,Teff,Cereal,0.049659,24,43.8474
2007-07,Teff,Cereal,0.049713,24,44.1533
2007-08,Teff,Cereal,0.049425,24,45.9579
2007-11,Teff,Cereal,0.050587,24,49.3363
2008-01,Teff,Cereal,0.051891,24,47.3913
2008-02,Teff,Cereal,0.053135,24,50.9709
2008-03,Teff,Cereal,0.053585,24,54.4571
2008-05,Teff,Cereal,0.091712,24,80.7128
2008-06,Teff,Cereal,0.093511,24,92.0426
2008-07,Teff,Cereal,0.093593,24,93.485
2008-08,Teff,Cereal,0.093662,24,95.9752
2008-12,Teff,Cereal,0.09596,24,89.1216
2009-01,Teff,Cereal,0.095956,24,81.4313
2009-02,Teff,Cereal,0.097347,24,77.4693
2009-04,Teff,Cereal,0.097988,24,75.3388
2009-05,Teff,Cereal,0.095314,24,73.4767
2009-07,Teff,Cereal,0.094698,24,76.8129
2009-09,Teff,Cereal,0.099395,24,67.6752
2009-12,Teff,Cereal,0.10094,24,62.8892
2010-01,Teff,Cereal,0.100266,24,62.7466
2010-02,Teff,Cereal,0.103076,24,56.4978
2010-03,Teff,Cereal,0.104255,24,52.7612
2010-04,Teff,Cereal,0.104923,24,49.7028
2010-05,Teff,Cereal,0.104828,24,49.7456
2010-06,Teff,Cereal,0.105829,24,54.5203
2010-07,Teff,Cereal,0.107806,24,49.7515
2010-10,Teff,Cereal,0.116482,24,40.0972
2010-11,Teff,Cereal,0.115356,24,39.2944
2011-01,Teff,Cereal,0.115192,24,39.4084
2011-02,Teff,Cereal,0.113921,24,39.2904
2011-03,Teff,Cereal,0.116479,24,44.7158
2011-04,Teff,Cereal,0.086517,24,36.6805
2011-05,Teff,Cereal,0.094223,24,45.278
2011-06,Teff,Cereal,0.0992,24,51.4404
2011-07,Teff,Cereal,0.098829,24,51.7425
2011-08,Teff,Cereal,0.098651,24,52.6618
2011-09,Teff,Cereal,0.097582,24,52.0399
2011-10,Teff,Cereal,0.097381,24,51.7105
2011-12,Teff,Cereal,0.097389,24,50.2086
2012-05,Teff,Cereal,0.11229,24,64.9487
2012-06,Teff,Cereal,0.111794,24,64.6234
2012-07,Teff,Cereal,0.109173,24,67.1553
2012-08,Teff,Cereal,0.10979,24,74.0683
2012-09,Teff,Cereal,0.1099,24,76.5598
2012-10,Teff,Cereal,0.107246,24,76.7222
2012-11,Teff,Cereal,0.105847,24,77.6646
2012-12,Teff,Cereal,0.106339,24,72.1079
2013-01,Teff,Cereal,0.107098,24,68.7261
2013-02,Teff,Cereal,0.105868,24,70.7676
2013-03,Teff,Cereal,0.103645,24,70.7567
2013-04,Teff,Cereal,0.091411,24,70.8672
2013-06,Teff,Cereal,0.090942,24,72.1867
2013-07,Teff,Cereal,0.090982,24,72.1478
2013-09,Teff,Cereal,0.090837,24,75.2226
2013-10,Teff,Cereal,0.088196,24,76.4456
2013-11,Teff,Cereal,0.07578,24,74.0623
2013-12,Teff,Cereal,0.068365,24,68.4177
2014-01,Teff,Cereal,0.066001,24,64.2558
2014-02,Teff,Cereal,0.066197,24,66.5204
2014-03,Teff,Cereal,0.068962,24,61.1093
2014-04,Teff,Cereal,0.068862,24,61.2403
2014-05,Teff,Cereal,0.069028,24,60.0412
2014-06,Teff,Cereal,0.068669,24,59.6582
2014-08,Teff,Cereal,0.044709,24,62.7741
2014-09,Teff,Cereal,0.044985,24,64.2603
2014-10,Teff,Cereal,0.044419,24,62.847
2014-11,Teff,Cereal,0.039194,24,60.9344
2015-02,Teff,Cereal,0.038198,24,60.3564
2015-03,Teff,Cereal,0.038167,24,60.331
2015-04,Teff,Cereal,0.037965,24,60.4557
2015-05,Teff,Cereal,0.036603,24,62.734
2015-06,Teff,Cereal,0.042735,24,70.22
2015-08,Teff,Cereal,0.042573,24,71.855
2015-10,Teff,Cereal,0.044153,24,67.8961
2015-11,Teff,Cereal,0.044147,24,67.7995
2016-01,Teff,Cereal,0.047316,24,73.6907
2016-03,Teff,Cereal,0.048143,24,70.6161
2016-04,Teff,Cereal,0.047282,24,70.6203
2016-05,Teff,Cereal,0.047519,24,72.5469
2016-07,Teff,Cereal,0.047106,24,72.7064
2016-10,Teff,Cereal,0.046518,24,78.4516
2016-11,Teff,Cereal,0.045303,24,75.3321
2016-12,Teff,Cereal,0.045499,24,73.0758
2017-01,Teff,Cereal,0.041919,24,71.2807
2017-02,Teff,Cereal,0.041914,24,71.5232
2017-03,Teff,Cereal,0.041665,24,73.2198
2017-05,Teff,Cereal,0.041549,24,73.9651
2017-08,Teff,Cereal,0.046376,24,83.1583
2017-09,Teff,Cereal,0.046318,24,83.7259
2017-10,Teff,Cereal,0.05128,24,75.6988
2017-11,Teff,Cereal,0.053084,24,70.655
2018-01,Teff,Cereal,0.054518,24,66.7953
2018-02,Teff,Cereal,0.05451,24,67.0125
2018-04,Teff,Cereal,0.054584,24,68.2753
2018-05,Teff,Cereal,0.054238,24,67.5505
2018-08,Teff,Cereal,0.052502,24,74.0066
2018-09,Teff,Cereal,0.052338,24,74.678
2018-10,Teff,Cereal,0.050889,24,75.7683
2019-01,Teff,Cereal,0.051052,24,74.5577
2019-02,Teff,Cereal,0.048348,24,73.1026
2019-03,Teff,Cereal,0.047519,24,73.6665
2019-05,Teff,Cereal,0.047564,24,74.5682
2019-07,Teff,Cereal,0.061886,24,90.7918
2019-09,Teff,Cereal,0.063671,24,98.6864
2020-01,Teff,Cereal,0.067146,24,88.087
2020-02,Teff,Cereal,0.066467,24,89.4077
2020-03,Teff,Cereal,0.072285,24,104.2273
2020-04,Teff,Cereal,0.071792,24,106.2938
2020-05,Teff,Cereal,0.07189,24,105.6767
2020-06,Teff,Cereal,0.072667,24,101.8916
2020-07,Teff,Cereal,0.072744,24,101.5874
2020-08,Teff,Cereal,0.069666,24,106.1478
2020-09,Teff,Cereal,0.069942,24,110.5845
2020-10,Teff,Cereal,0.067073,24,105.2745
2020-11,Teff,Cereal,0.064744,24,106.1663
2020-12,Teff,Cereal,0.062858,24,107.5686
2021-01,Teff,Cereal,0.065568,24,100.0509
2021-02,Teff,Cereal,0.066264,24,97.0591
2021-03,Teff,Cereal,0.066365,24,101.7994
2021-04,Teff,Cereal,0.066578,24,95.1249
2021-05,Teff,Cereal,0.068831,24,88.2448
2021-06,Teff,Cereal,0.072272,24,98.9859
2021-07,Teff,Cereal,0.073397,24,93.5455
2021-08,Teff,Cereal,0.073199,24,95.9933
2021-09,Teff,Cereal,0.073642,24,101.0369
2021-10,Teff,Cereal,0.075392,24,94.5907
2003-02,Wheat,Cereal,0.093897,24,20.8806
2003-03,Wheat,Cereal,0.093499,24,20.963
2003-04,Wheat,Cereal,0.088131,24,22.5904
2003-06,Wheat,Cereal,0.088757,24,23.7001
2003-07,Wheat,Cereal,0.088819,24,24.0641
2003-08,Wheat,Cereal,0.088892,24,24.5477
2003-09,Wheat,Cereal,0.08864,24,24.103
2003-11,Wheat,Cereal,0.104662,24,18.278
2004-01,Wheat,Cereal,0.101123,24,17.3959
2004-02,Wheat,Cereal,0.102665,24,18.9871
2004-03,Wheat,Cereal,0.102956,24,20.0479
2004-05,Wheat,Cereal,0.087782,24,19.6948
2004-06,Wheat,Cereal,0.087818,24,20.6587
2004-08,Wheat,Cereal,0.086425,24,20.8317
2004-09,Wheat,Cereal,0.085971,24,20.8333
2004-10,Wheat,Cereal,0.085922,24,21.4286
2004-11,Wheat,Cereal,0.086126,24,19.7917
2004-12,Wheat,Cereal,0.085959,24,18.8439
2005-01,Wheat,Cereal,0.08195,24,18.9244
2005-02,Wheat,Cereal,0.077628,24,19.9192
2005-03,Wheat,Cereal,0.073192,24,19.9192
2005-04,Wheat,Cereal,0.075352,24,21.8418
2005-06,Wheat,Cereal,0.075848,24,22.8637
2005-07,Wheat,Cereal,0.080047,24,26.5161
2005-08,Wheat,Cereal,0.078981,24,27.1006
2005-09,Wheat,Cereal,0.079246,24,26.5283
2005-11,Wheat,Cereal,0.078156,24,27.3041
2006-01,Wheat,Cereal,0.077717,24,27.7577
2006-02,Wheat,Cereal,0.077752,24,28.341
2006-03,Wheat,Cereal,0.078002,24,29.4887
2006-04,Wheat,Cereal,0.077972,24,30.498
2006-06,Wheat,Cereal,0.048556,24,31.0702
2006-07,Wheat,Cereal,0.046101,24,31.8539
2006-08,Wheat,Cereal,0.045318,24,34.2529
2006-09,Wheat,Cereal,0.045889,24,33.4483
2007-01,Wheat,Cereal,0.04513,24,34.1379
2007-02,Wheat,Cereal,0.045477,24,33.5973
2007-03,Wheat,Cereal,0.045545,24,33.7104
2007-07,Wheat,Cereal,0.045576,24,33.6617
2007-09,Wheat,Cereal,0.047256,24,36.5169
2007-11,Wheat,Cereal,0.042041,24,37.1681
2007-12,Wheat,Cereal,0.04004,24,36.5135
2008-01,Wheat,Cereal,0.039733,24,37.6359
2008-02,Wheat,Cereal,0.042008,24,41.5318
2008-03,Wheat,Cereal,0.041538,24,42.5031
2008-04,Wheat,Cereal,0.046899,24,49.5268
2008-08,Wheat,Cereal,0.071809,24,66.8731
2008-10,Wheat,Cereal,0.069754,24,65.0155
2008-11,Wheat,Cereal,0.070366,24,64.3606
2009-01,Wheat,Cereal,0.108315,24,44.4874
2009-02,Wheat,Cereal,0.109929,24,49.834
2009-03,Wheat,Cereal,0.109939,24,50.5376
2009-04,Wheat,Cereal,0.110084,24,53.2972
2009-05,Wheat,Cereal,0.110263,24,52.8674
2009-06,Wheat,Cereal,0.111096,24,50.6272
2009-07,Wheat,Cereal,0.111095,24,51.701
2009-09,Wheat,Cereal,0.119856,24,42.3567
2009-10,Wheat,Cereal,0.120495,24,39.1581
2009-11,Wheat,Cereal,0.121223,24,42.3633
2010-01,Wheat,Cereal,0.12124,24,43.4096
2010-02,Wheat,Cereal,0.12929,24,35.1689
2010-03,Wheat,Cereal,0.129563,24,36.7164
2010-04,Wheat,Cereal,0.130472,24,34.1753
2010-05,Wheat,Cereal,0.129423,24,34.8962
2010-06,Wheat,Cereal,0.129493,24,33.8007
2010-08,Wheat,Cereal,0.130977,24,30.5611
2010-09,Wheat,Cereal,0.131097,24,28.8672
2010-11,Wheat,Cereal,0.12906,24,28.9522
2010-12,Wheat,Cereal,0.130982,24,31.9915
2011-01,Wheat,Cereal,0.126482,24,32.7333
2011-02,Wheat,Cereal,0.10688,24,31.81
2011-03,Wheat,Cereal,0.117329,24,39.0887
2011-04,Wheat,Cereal,0.118801,24,41.9393
2011-06,Wheat,Cereal,0.099851,24,50.4446
2011-07,Wheat,Cereal,0.097977,24,47.4306
2011-09,Wheat,Cereal,0.0982,24,45.6038
2011-11,Wheat,Cereal,0.097491,24,44.5671
2011-12,Wheat,Cereal,0.102074,24,38.146
2012-01,Wheat,Cereal,0.103112,24,34.8541
2012-02,Wheat,Cereal,0.105647,24,38.5904
2012-03,Wheat,Cereal,0.097988,24,39.4722
2012-05,Wheat,Cereal,0.096875,24,40.764
2012-06,Wheat,Cereal,0.095481,24,40.8834
2012-07,Wheat,Cereal,0.095449,24,41.7718
2012-08,Wheat,Cereal,0.084493,24,42.6973
2012-09,Wheat,Cereal,0.084258,24,42.1476
2012-10,Wheat,Cereal,0.083196,24,40.5556
2012-11,Wheat,Cereal,0.08572,24,36.8567
2013-01,Wheat,Cereal,0.085484,24,36.3587
2013-02,Wheat,Cereal,0.082912,24,37.9967
2013-03,Wheat,Cereal,0.081753,24,37.9423
2013-04,Wheat,Cereal,0.081928,24,37.3442
2013-05,Wheat,Cereal,0.079851,24,38.5321
2013-07,Wheat,Cereal,0.080748,24,41.2426
2013-08,Wheat,Cereal,0.08039,24,42.3159
2013-09,Wheat,Cereal,0.069266,24,43.8887
2013-10,Wheat,Cereal,0.069015,24,46.7905
2013-11,Wheat,Cereal,0.058066,24,44.6381
2013-12,Wheat,Cereal,0.058411,24,41.6501
2014-01,Wheat,Cereal,0.058166,24,40.5136
2014-02,Wheat,Cereal,0.058041,24,40.2459
2014-03,Wheat,Cereal,0.048287,24,40.6011
2014-04,Wheat,Cereal,0.049997,24,45.8915
2014-06,Wheat,Cereal,0.048217,24,49.5189
2014-07,Wheat,Cereal,0.048349,24,51.102
2014-08,Wheat,Cereal,0.048257,24,50.7394
2014-09,Wheat,Cereal,0.048306,24,50.5846
2014-11,Wheat,Cereal,0.049292,24,48.5274
2015-01,Wheat,Cereal,0.049192,24,48.5287
2015-04,Wheat,Cereal,0.049208,24,47.8571
2015-05,Wheat,Cereal,0.048501,24,49.2118
2015-06,Wheat,Cereal,0.044268,24,52.2738
2015-07,Wheat,Cereal,0.044131,24,51.8482
2015-08,Wheat,Cereal,0.043814,24,51.7047
2015-09,Wheat,Cereal,0.044332,24,50.5383
2015-10,Wheat,Cereal,0.044182,24,50.0479
2015-12,Wheat,Cereal,0.045537,24,47.7876
2016-01,Wheat,Cereal,0.044866,24,45.8254
2016-04,Wheat,Cereal,0.045423,24,44.1259
2016-05,Wheat,Cereal,0.045186,24,42.9066
2016-06,Wheat,Cereal,0.043111,24,42.1468
2016-08,Wheat,Cereal,0.043138,24,40.1826
2016-09,Wheat,Cereal,0.041112,24,39.2417
2016-11,Wheat,Cereal,0.045025,24,35.6822
2016-12,Wheat,Cereal,0.045674,24,34.1857
2017-01,Wheat,Cereal,0.04557,24,34.1382
2017-02,Wheat,Cereal,0.036911,24,34.8786
2017-03,Wheat,Cereal,0.038179,24,38.0805
2017-04,Wheat,Cereal,0.037451,24,36.6602
2017-06,Wheat,Cereal,0.043914,24,40.4524
2017-08,Wheat,Cereal,0.049823,24,44.9656
2017-09,Wheat,Cereal,0.049876,24,46.6381
2017-10,Wheat,Cereal,0.050563,24,44.6995
2017-11,Wheat,Cereal,0.051995,24,41.9557
2017-12,Wheat,Cereal,0.051526,24,41.3755
2018-01,Wheat,Cereal,0.049485,24,41.1613
2018-02,Wheat,Cereal,0.049574,24,41.3515
2018-03,Wheat,Cereal,0.050803,24,43.2611
2018-04,Wheat,Cereal,0.051263,24,44.5992
2018-05,Wheat,Cereal,0.055965,24,49.5413
2018-07,Wheat,Cereal,0.060809,24,56.2779
2018-08,Wheat,Cereal,0.059945,24,56.2644
2018-09,Wheat,Cereal,0.059169,24,57.4865
2019-01,Wheat,Cereal,0.062396,24,52.4062
2019-02,Wheat,Cereal,0.062253,24,51.9677
2019-03,Wheat,Cereal,0.061088,24,52.7905
2019-04,Wheat,Cereal,0.060698,24,52.7279
2019-05,Wheat,Cereal,0.056262,24,54.1922
2019-07,Wheat,Cereal,0.054784,24,55.4935
2019-08,Wheat,Cereal,0.059862,24,63.9251
2019-09,Wheat,Cereal,0.060413,24,68.324
2019-11,Wheat,Cereal,0.0626,24,63.3035
2019-12,Wheat,Cereal,0.063851,24,59.4086
2020-02,Wheat,Cereal,0.067514,24,52.7806
2020-03,Wheat,Cereal,0.06446,24,52.6515
2020-05,Wheat,Cereal,0.064944,24,55.6319
2020-06,Wheat,Cereal,0.167721,24,26.283
2020-07,Wheat,Cereal,0.225058,24,53.787
2020-08,Wheat,Cereal,0.935667,24,0.6358
2020-09,Wheat,Cereal,1.331862,24,55.2877
2020-10,Wheat,Cereal,1.331904,24,53.1216
2020-11,Wheat,Cereal,1.331923,24,50.9799
2020-12,Wheat,Cereal,1.331918,24,50.4147
2021-02,Wheat,Cereal,1.331747,24,50.4663
2021-03,Wheat,Cereal,1.331989,24,60.2169
2021-06,Wheat,Cereal,1.331988,24,60.2673
2021-07,Wheat,Cereal,1.332089,24,65.5795
2021-08,Wheat,Cereal,1.332742,24,83.2318
2021-09,Wheat,Cereal,1.332795,24,79.6224
2021-10,Wheat,Cereal,1.3328,24,79.6118
