Year,Cat,value,Reg,Data source
2010,Underweight in children under 5 years,10.8,Hanoi,"Nutrition Surveillance Surveys, NIN"
2011,Underweight in children under 5 years,8.6,Hanoi,"Nutrition Surveillance Surveys, NIN"
2012,Underweight in children under 5 years,8.1,Hanoi,"Nutrition Surveillance Surveys, NIN"
2013,Underweight in children under 5 years,7,Hanoi,"Nutrition Surveillance Surveys, NIN"
2014,Underweight in children under 5 years,6.1,Hanoi,"Nutrition Surveillance Surveys, NIN"
2015,Underweight in children under 5 years,5.9,Hanoi,"Nutrition Surveillance Surveys, NIN"
2016,Underweight in children under 5 years,5.7,Hanoi,"Nutrition Surveillance Surveys, NIN"
2017,Underweight in children under 5 years,,Hanoi,"Nutrition Surveillance Surveys, NIN"
2018,Underweight in children under 5 years,5.5,Hanoi,"Nutrition Surveillance Surveys, NIN"
2019,Underweight in children under 5 years,5.2,Hanoi,"Nutrition Surveillance Surveys, NIN"
2020,Underweight in children under 5 years,4.9,Hanoi,"Nutrition Surveillance Surveys, NIN"
2021,Underweight in children under 5 years,,Hanoi,"Nutrition Surveillance Surveys, NIN"
2022,Underweight in children under 5 years,6.7,Hanoi,"Nutrition Surveillance Surveys, NIN"
2023,Underweight in children under 5 years,6.9,Hanoi,"Nutrition Surveillance Surveys, NIN"
2010,Underweight in children under 5 years,17.5,Vietnam,"Nutrition Surveillance Surveys, NIN"
2011,Underweight in children under 5 years,16.8,Vietnam,"Nutrition Surveillance Surveys, NIN"
2012,Underweight in children under 5 years,16.2,Vietnam,"Nutrition Surveillance Surveys, NIN"
2013,Underweight in children under 5 years,15.3,Vietnam,"Nutrition Surveillance Surveys, NIN"
2014,Underweight in children under 5 years,14.5,Vietnam,"Nutrition Surveillance Surveys, NIN"
2015,Underweight in children under 5 years,14.1,Vietnam,"Nutrition Surveillance Surveys, NIN"
2016,Underweight in children under 5 years,13.8,Vietnam,"Nutrition Surveillance Surveys, NIN"
2017,Underweight in children under 5 years,13.4,Vietnam,"Nutrition Surveillance Surveys, NIN"
2018,Underweight in children under 5 years,12.8,Vietnam,"Nutrition Surveillance Surveys, NIN"
2019,Underweight in children under 5 years,12.2,Vietnam,"Nutrition Surveillance Surveys, NIN"
2020,Underweight in children under 5 years,11.6,Vietnam,"Nutrition Surveillance Surveys, NIN"
2021,Underweight in children under 5 years,,Vietnam,"Nutrition Surveillance Surveys, NIN"
2022,Underweight in children under 5 years,10.2,Vietnam,"Nutrition Surveillance Surveys, NIN"
2023,Underweight in children under 5 years,9.7,Vietnam,"Nutrition Surveillance Surveys, NIN"
2010,Wasting in children under 5 years,4.8,Hanoi,"Nutrition Surveillance Surveys, NIN"
2011,Wasting in children under 5 years,2.9,Hanoi,"Nutrition Surveillance Surveys, NIN"
2012,Wasting in children under 5 years,3.3,Hanoi,"Nutrition Surveillance Surveys, NIN"
2013,Wasting in children under 5 years,2.8,Hanoi,"Nutrition Surveillance Surveys, NIN"
2014,Wasting in children under 5 years,5.8,Hanoi,"Nutrition Surveillance Surveys, NIN"
2015,Wasting in children under 5 years,3.8,Hanoi,"Nutrition Surveillance Surveys, NIN"
2016,Wasting in children under 5 years,,Hanoi,"Nutrition Surveillance Surveys, NIN"
2017,Wasting in children under 5 years,,Hanoi,"Nutrition Surveillance Surveys, NIN"
2018,Wasting in children under 5 years,3.7,Hanoi,"Nutrition Surveillance Surveys, NIN"
2019,Wasting in children under 5 years,3.2,Hanoi,"Nutrition Surveillance Surveys, NIN"
2020,Wasting in children under 5 years,2.7,Hanoi,"Nutrition Surveillance Surveys, NIN"
2021,Wasting in children under 5 years,3.2,Hanoi,"Nutrition Surveillance Surveys, NIN"
2022,Wasting in children under 5 years,3.2,Hanoi,"Nutrition Surveillance Surveys, NIN"
2023,Wasting in children under 5 years,6.9,Hanoi,"Nutrition Surveillance Surveys, NIN"
2010,Wasting in children under 5 years,7.1,Vietnam,"Nutrition Surveillance Surveys, NIN"
2011,Wasting in children under 5 years,6.6,Vietnam,"Nutrition Surveillance Surveys, NIN"
2012,Wasting in children under 5 years,6.7,Vietnam,"Nutrition Surveillance Surveys, NIN"
2013,Wasting in children under 5 years,6.6,Vietnam,"Nutrition Surveillance Surveys, NIN"
2014,Wasting in children under 5 years,6.8,Vietnam,"Nutrition Surveillance Surveys, NIN"
2015,Wasting in children under 5 years,6.4,Vietnam,"Nutrition Surveillance Surveys, NIN"
2016,Wasting in children under 5 years,,Vietnam,"Nutrition Surveillance Surveys, NIN"
2017,Wasting in children under 5 years,5.8,Vietnam,"Nutrition Surveillance Surveys, NIN"
2018,Wasting in children under 5 years,5.4,Vietnam,"Nutrition Surveillance Surveys, NIN"
2019,Wasting in children under 5 years,5.2,Vietnam,"Nutrition Surveillance Surveys, NIN"
2020,Wasting in children under 5 years,4.7,Vietnam,"Nutrition Surveillance Surveys, NIN"
2021,Wasting in children under 5 years,,Vietnam,"Nutrition Surveillance Surveys, NIN"
2022,Wasting in children under 5 years,4.4,Vietnam,"Nutrition Surveillance Surveys, NIN"
2023,Wasting in children under 5 years,4.4,Vietnam,"Nutrition Surveillance Surveys, NIN"
2010,Stunting in children under 5 years,10.8,Hanoi,"Nutrition Surveillance Surveys, NIN"
2011,Stunting in children under 5 years,8.6,Hanoi,"Nutrition Surveillance Surveys, NIN"
2012,Stunting in children under 5 years,8.1,Hanoi,"Nutrition Surveillance Surveys, NIN"
2013,Stunting in children under 5 years,7,Hanoi,"Nutrition Surveillance Surveys, NIN"
2014,Stunting in children under 5 years,6.1,Hanoi,"Nutrition Surveillance Surveys, NIN"
2015,Stunting in children under 5 years,5.9,Hanoi,"Nutrition Surveillance Surveys, NIN"
2016,Stunting in children under 5 years,5.7,Hanoi,"Nutrition Surveillance Surveys, NIN"
2017,Stunting in children under 5 years,,Hanoi,"Nutrition Surveillance Surveys, NIN"
2018,Stunting in children under 5 years,5.5,Hanoi,"Nutrition Surveillance Surveys, NIN"
2019,Stunting in children under 5 years,5.2,Hanoi,"Nutrition Surveillance Surveys, NIN"
2020,Stunting in children under 5 years,4.9,Hanoi,"Nutrition Surveillance Surveys, NIN"
2021,Stunting in children under 5 years,3.8,Hanoi,"Nutrition Surveillance Surveys, NIN"
2022,Stunting in children under 5 years,6.7,Hanoi,"Nutrition Surveillance Surveys, NIN"
2023,Stunting in children under 5 years,6.9,Hanoi,"Nutrition Surveillance Surveys, NIN"
2010,Stunting in children under 5 years,29.3,Vietnam,"Nutrition Surveillance Surveys, NIN"
2011,Stunting in children under 5 years,27.5,Vietnam,"Nutrition Surveillance Surveys, NIN"
2012,Stunting in children under 5 years,26.7,Vietnam,"Nutrition Surveillance Surveys, NIN"
2013,Stunting in children under 5 years,25.9,Vietnam,"Nutrition Surveillance Surveys, NIN"
2014,Stunting in children under 5 years,24.9,Vietnam,"Nutrition Surveillance Surveys, NIN"
2015,Stunting in children under 5 years,24.6,Vietnam,"Nutrition Surveillance Surveys, NIN"
2016,Stunting in children under 5 years,24.3,Vietnam,"Nutrition Surveillance Surveys, NIN"
2017,Stunting in children under 5 years,23.8,Vietnam,"Nutrition Surveillance Surveys, NIN"
2018,Stunting in children under 5 years,23.2,Vietnam,"Nutrition Surveillance Surveys, NIN"
2019,Stunting in children under 5 years,22.4,Vietnam,"Nutrition Surveillance Surveys, NIN"
2020,Stunting in children under 5 years,19.5,Vietnam,"Nutrition Surveillance Surveys, NIN"
2021,Stunting in children under 5 years,,Vietnam,"Nutrition Surveillance Surveys, NIN"
2022,Stunting in children under 5 years,18.9,Vietnam,"Nutrition Surveillance Surveys, NIN"
2023,Stunting in children under 5 years,18.2,Vietnam,"Nutrition Surveillance Surveys, NIN"
2010,Overweight and obesity in children under 5 years,,Hanoi,"Nutrition Surveillance Surveys, NIN"
2011,Overweight and obesity in children under 5 years,4.1,Hanoi,"Nutrition Surveillance Surveys, NIN"
2012,Overweight and obesity in children under 5 years,,Hanoi,"Nutrition Surveillance Surveys, NIN"
2013,Overweight and obesity in children under 5 years,6.2,Hanoi,"Nutrition Surveillance Surveys, NIN"
2014,Overweight and obesity in children under 5 years,5.4,Hanoi,"Nutrition Surveillance Surveys, NIN"
2015,Overweight and obesity in children under 5 years,6.5,Hanoi,"Nutrition Surveillance Surveys, NIN"
2016,Overweight and obesity in children under 5 years,,Hanoi,"Nutrition Surveillance Surveys, NIN"
2017,Overweight and obesity in children under 5 years,,Hanoi,"Nutrition Surveillance Surveys, NIN"
2018,Overweight and obesity in children under 5 years,6.5,Hanoi,"Nutrition Surveillance Surveys, NIN"
2019,Overweight and obesity in children under 5 years,11.5,Hanoi,"Nutrition Surveillance Surveys, NIN"
2020,Overweight and obesity in children under 5 years,12.3,Hanoi,"Nutrition Surveillance Surveys, NIN"
2021,Overweight and obesity in children under 5 years,,Hanoi,"Nutrition Surveillance Surveys, NIN"
2022,Overweight and obesity in children under 5 years,8.2,Hanoi,"Nutrition Surveillance Surveys, NIN"
2023,Overweight and obesity in children under 5 years,6.1,Hanoi,"Nutrition Surveillance Surveys, NIN"
2010,Overweight and obesity in children under 5 years,,Vietnam,"Nutrition Surveillance Surveys, NIN"
2011,Overweight and obesity in children under 5 years,,Vietnam,"Nutrition Surveillance Surveys, NIN"
2012,Overweight and obesity in children under 5 years,,Vietnam,"Nutrition Surveillance Surveys, NIN"
2013,Overweight and obesity in children under 5 years,4.9,Vietnam,"Nutrition Surveillance Surveys, NIN"
2014,Overweight and obesity in children under 5 years,4.8,Vietnam,"Nutrition Surveillance Surveys, NIN"
2015,Overweight and obesity in children under 5 years,5.3,Vietnam,"Nutrition Surveillance Surveys, NIN"
2016,Overweight and obesity in children under 5 years,,Vietnam,"Nutrition Surveillance Surveys, NIN"
2017,Overweight and obesity in children under 5 years,5.9,Vietnam,"Nutrition Surveillance Surveys, NIN"
2018,Overweight and obesity in children under 5 years,7.1,Vietnam,"Nutrition Surveillance Surveys, NIN"
2019,Overweight and obesity in children under 5 years,7.4,Vietnam,"Nutrition Surveillance Surveys, NIN"
2020,Overweight and obesity in children under 5 years,7.9,Vietnam,"Nutrition Surveillance Surveys, NIN"
2021,Overweight and obesity in children under 5 years,,Vietnam,"Nutrition Surveillance Surveys, NIN"
2022,Overweight and obesity in children under 5 years,11.8,Vietnam,"Nutrition Surveillance Surveys, NIN"
2023,Overweight and obesity in children under 5 years,9.4,Vietnam,"Nutrition Surveillance Surveys, NIN"
2010,Underweight in Women,21.8,Hanoi,"Nutrition Surveillance Surveys, NIN"
2011,Underweight in Women,17.8,Hanoi,"Nutrition Surveillance Surveys, NIN"
2012,Underweight in Women,16.9,Hanoi,"Nutrition Surveillance Surveys, NIN"
2013,Underweight in Women,15.5,Hanoi,"Nutrition Surveillance Surveys, NIN"
2014,Underweight in Women,15,Hanoi,"Nutrition Surveillance Surveys, NIN"
2015,Underweight in Women,14.9,Hanoi,"Nutrition Surveillance Surveys, NIN"
2016,Underweight in Women,14.7,Hanoi,"Nutrition Surveillance Surveys, NIN"
2017,Underweight in Women,,Hanoi,"Nutrition Surveillance Surveys, NIN"
2018,Underweight in Women,14.2,Hanoi,"Nutrition Surveillance Surveys, NIN"
2019,Underweight in Women,13.4,Hanoi,"Nutrition Surveillance Surveys, NIN"
2020,Underweight in Women,12.6,Hanoi,"Nutrition Surveillance Surveys, NIN"
2021,Underweight in Women,12.2,Hanoi,"Nutrition Surveillance Surveys, NIN"
2022,Underweight in Women,12.2,Hanoi,"Nutrition Surveillance Surveys, NIN"
2023,Underweight in Women,12,Hanoi,"Nutrition Surveillance Surveys, NIN"
2010,Underweight in Women,22.22,Vietnam,"Nutrition Surveillance Surveys, NIN"
2011,Underweight in Women,21.36,Vietnam,"Nutrition Surveillance Surveys, NIN"
2012,Underweight in Women,20.5,Vietnam,"Nutrition Surveillance Surveys, NIN"
2013,Underweight in Women,19.65,Vietnam,"Nutrition Surveillance Surveys, NIN"
2014,Underweight in Women,18.81,Vietnam,"Nutrition Surveillance Surveys, NIN"
2015,Underweight in Women,18,Vietnam,"Nutrition Surveillance Surveys, NIN"
2016,Underweight in Women,17.2,Vietnam,"Nutrition Surveillance Surveys, NIN"
2017,Underweight in Women,16.5,Vietnam,"Nutrition Surveillance Surveys, NIN"
2018,Underweight in Women,15.8,Vietnam,"Nutrition Surveillance Surveys, NIN"
2019,Underweight in Women,15.1,Vietnam,"Nutrition Surveillance Surveys, NIN"
2020,Underweight in Women,14.4,Vietnam,"Nutrition Surveillance Surveys, NIN"
2021,Underweight in Women,13.8,Vietnam,"Nutrition Surveillance Surveys, NIN"
2022,Underweight in Women,13.2,Vietnam,"Nutrition Surveillance Surveys, NIN"
2023,Underweight in Women,,Vietnam,"Nutrition Surveillance Surveys, NIN"
2010,Adult overweight and obesity (%),10.5,Hanoi,"General Nutrition Surveys, NIN"
2015,Adult overweight and obesity (%),18.2,Hanoi,"General Nutrition Surveys, NIN"
2020,Adult overweight and obesity (%),28.6,Hanoi,"General Nutrition Surveys, NIN"
2010,Adult overweight and obesity (%),5.6,Vietnam,"General Nutrition Surveys, NIN"
2015,Adult overweight and obesity (%),10.1,Vietnam,"General Nutrition Surveys, NIN"
2020,Adult overweight and obesity (%),20.6,Vietnam,"General Nutrition Surveys, NIN"
,,,,
,,,,
,,,,
,,,,
,,,,
,,,,
,,,,
,,,,
,,,,
,,,,
,,,,
,,,,
,,,,
,,,,
,,,,
,,,,
,,,,
,,,,
,,,,
,,,,
,,,,
,,,,
,,,,
,,,,
,,,,
,,,,
,,,,
,,,,
,,,,
,,,,
,,,,
,,,,
,,,,
,,,,